symbol,category_raw,name,price_listing,risefall,changeVal,changeRate,nav,return_3m_listing,volume,amonut,market_cap_raw,yahoo_ticker,bucket,theme,defensive_role,listing_date_observed
069500,1,KODEX 200,111400,5,-1745,-1.54,111563.0,-14.6419,3176822,356277,255050,069500.KS,EQUITY,BROAD_MARKET,RISK,2026-09-28
360750,4,TIGER 미국S&P500,26035,5,-165,-0.63,26092.0,-7.0135,4399772,114621,208254,360750.KS,EQUITY,OTHER,RISK,2026-09-28
133690,4,TIGER 미국나스닥100,183725,5,-1260,-0.68,184075.0,-8.6487,836835,154006,120762,133690.KS,EQUITY,OTHER,RISK,2026-09-28
379800,4,KODEX 미국S&P500,23665,5,-145,-0.61,23719.0,-7.0192,4168806,98732,103570,379800.KS,EQUITY,OTHER,RISK,2026-09-28
396500,2,TIGER 반도체TOP10,38440,5,-955,-2.42,38479.0,-20.0264,2052769,79416,101924,396500.KS,EQUITY,SEMICONDUCTOR,RISK,2026-09-28
102110,1,TIGER 200,111700,5,-1660,-1.46,111838.0,-14.8861,2180449,245078,101870,102110.KS,EQUITY,BROAD_MARKET,RISK,2026-09-28
379810,4,KODEX 미국나스닥100,27475,5,-190,-0.69,27525.0,-8.6466,5276794,145208,98031,379810.KS,EQUITY,OTHER,RISK,2026-09-28
488770,7,KODEX 머니마켓액티브,105650,2,5,0.0,105654.0,0.9025,164070,17334,97681,488770.KS,DEFENSIVE,BOND,SAFE,2026-09-28
278530,1,KODEX 200TR,40350,5,-600,-1.47,40373.0,-14.9091,73059,2971,78380,278530.KS,EQUITY,BROAD_MARKET,RISK,2026-09-28
459580,6,KODEX CD금리액티브(합성),1075885,2,90,0.01,1076204.0,0.7631,209058,224922,69981,459580.KS,DEFENSIVE,BOND,SAFE,2026-09-28
381180,4,TIGER 미국필라델피아반도체나스닥,44685,5,-110,-0.25,44780.0,-20.552,605437,27132,61040,381180.KS,EQUITY,SEMICONDUCTOR,RISK,2026-09-28
498400,2,KODEX 200타겟위클리커버드콜,20715,5,-285,-1.36,20736.0,-14.6435,1169992,24395,60674,498400.KS,EQUITY,BROAD_MARKET,RISK,2026-09-28
091160,2,KODEX 반도체,139085,5,-1315,-0.94,139248.0,-15.8173,300970,41820,59181,091160.KS,EQUITY,SEMICONDUCTOR,RISK,2026-09-28
0167A0,2,SOL AI반도체TOP2플러스,18820,5,-325,-1.7,18844.0,-26.2378,2756042,52314,58286,0167A0.KS,EQUITY,SEMICONDUCTOR,RISK,2026-09-28
122630,3,KODEX 레버리지,113320,5,-3655,-3.12,113673.0,-38.1052,2507974,288150,58246,122630.KS,EXCLUDED,OTHER,HEDGE,2026-09-28
229200,1,KODEX 코스닥150,14380,2,230,1.63,14428.0,-11.1739,4887787,69757,48144,229200.KS,EQUITY,BROAD_MARKET,RISK,2026-09-28
310970,1,TIGER MSCI Korea TR,49950,5,-1010,-1.98,50000.0,-14.8111,3755,189,46404,310970.KS,EQUITY,OTHER,RISK,2026-09-28
148020,1,RISE 200,112245,5,-1700,-1.49,112416.0,-14.9328,197421,22263,45291,148020.KS,EQUITY,BROAD_MARKET,RISK,2026-09-28
458730,4,TIGER 미국배당다우존스,14375,5,-130,-0.9,14355.0,-5.6633,495697,7129,42600,458730.KS,EQUITY,DIVIDEND,RISK,2026-09-28
395160,2,KODEX AI반도체TOP2플러스,42150,5,-885,-2.06,42202.0,-24.1006,1022367,43598,41981,395160.KS,EQUITY,SEMICONDUCTOR,RISK,2026-09-28
0162Z0,7,RISE 삼성전자SK하이닉스채권혼합50,13855,5,-175,-1.25,13864.0,-7.837,1070223,14911,41801,0162Z0.KS,DEFENSIVE,BOND,HEDGE,2026-09-28
360200,4,ACE 미국S&P500,26315,5,-170,-0.64,26378.0,-7.0253,290493,7649,39815,360200.KS,EQUITY,OTHER,RISK,2026-09-28
381170,4,TIGER 미국테크TOP10 INDXX,31670,5,-290,-0.91,31741.0,-1.1598,472546,14986,39049,381170.KS,EQUITY,OTHER,RISK,2026-09-28
411060,5,ACE KRX금현물,26030,5,-520,-1.96,25941.0,-4.2035,227487,5940,38941,411060.KS,REAL_ASSET,GOLD,HEDGE,2026-09-28
395270,2,HANARO Fn K-반도체,60015,5,-1275,-2.08,60077.0,-22.8669,411396,24902,37419,395270.KS,EQUITY,SEMICONDUCTOR,RISK,2026-09-28
423160,6,KODEX KOFR금리액티브(합성),110925,2,15,0.01,110870.0,0.7475,35355,3921,35985,423160.KS,DEFENSIVE,BOND,SAFE,2026-09-28
367380,4,ACE 미국나스닥100,31575,5,-225,-0.71,31641.0,-8.6301,206249,6522,35806,367380.KS,EQUITY,OTHER,RISK,2026-09-28
273130,6,KODEX 종합채권(AA-이상)액티브,109315,5,-610,-0.55,109547.0,-0.2948,2110,230,35496,273130.KS,DEFENSIVE,BOND,HEDGE,2026-09-28
233740,3,KODEX 코스닥150레버리지,7215,2,235,3.37,7269.0,-31.4005,22530426,160243,35195,233740.KS,EXCLUDED,BROAD_MARKET,HEDGE,2026-09-28
102780,2,KODEX 삼성그룹,26740,5,-60,-0.22,26772.0,-13.5345,115603,3120,34147,102780.KS,EQUITY,OTHER,RISK,2026-09-28
357870,6,TIGER CD금리투자KIS(합성),58125,3,0,0.0,58123.0,0.8239,39329,2285,33811,357870.KS,DEFENSIVE,BOND,SAFE,2026-09-28
487240,2,KODEX AI전력핵심설비,37140,5,-60,-0.16,37233.0,-11.391,539249,20074,32609,487240.KS,EQUITY,AI_TECH,RISK,2026-09-28
0043B0,6,TIGER 머니마켓액티브,103790,2,15,0.01,103786.0,0.968,222604,23103,31739,0043B0.KS,DEFENSIVE,BOND,SAFE,2026-09-28
455890,6,RISE 머니마켓액티브,55600,3,0,0.0,55603.0,0.8891,39230,2181,30905,455890.KS,DEFENSIVE,BOND,SAFE,2026-09-28
139260,2,TIGER 200 IT,143525,5,-1605,-1.11,143692.0,-23.5152,61189,8869,27499,139260.KS,EQUITY,BROAD_MARKET,RISK,2026-09-28
472150,2,TIGER 배당커버드콜액티브,20910,5,-380,-1.78,20908.0,-15.7098,2382044,50170,26750,472150.KS,EQUITY,DIVIDEND,RISK,2026-09-28
426030,4,TIME 미국나스닥100액티브,48315,5,-520,-1.06,48442.0,-18.3566,139245,6758,26525,426030.KS,EQUITY,OTHER,RISK,2026-09-28
486290,4,TIGER 미국나스닥100타겟데일리커버드콜,10660,5,-60,-0.56,10681.0,-9.0867,597845,6382,26272,486290.KS,EQUITY,OTHER,RISK,2026-09-28
481050,6,KODEX CD1년금리플러스액티브(합성),1024160,2,100,0.01,1024206.0,0.835,32560,33346,26029,481050.KS,EQUITY,BOND,RISK,2026-09-28
278540,1,KODEX MSCI Korea TR,39740,5,-630,-1.56,39803.0,-15.198,1840,73,24480,278540.KS,EQUITY,OTHER,RISK,2026-09-28
161510,2,PLUS 고배당주,24950,2,150,0.6,24979.0,4.8966,189263,4708,23945,161510.KS,EQUITY,DIVIDEND,RISK,2026-09-28
449170,6,TIGER KOFR금리액티브(합성),111992,2,12,0.01,111936.0,0.7286,12553,1405,23880,449170.KS,DEFENSIVE,BOND,SAFE,2026-09-28
0193T0,2,KODEX SK하이닉스단일종목레버리지,11190,5,-675,-5.69,11225.0,-63.8152,4028512,45750,22651,0193T0.KS,EXCLUDED,OTHER,HEDGE,2026-09-28
385540,6,RISE 종합채권(A-이상)액티브,102415,5,-560,-0.54,102433.0,-0.2471,74,7,21876,385540.KS,DEFENSIVE,BOND,HEDGE,2026-09-28
456600,4,TIME 글로벌AI인공지능액티브,59500,5,-800,-1.33,59567.0,-15.1482,63448,3783,21301,456600.KS,EQUITY,AI_TECH,RISK,2026-09-28
284430,6,KODEX 200미국채혼합50,20850,5,-155,-0.74,20861.0,-13.2319,147504,3088,20083,284430.KS,DEFENSIVE,BOND,HEDGE,2026-09-28
292150,2,TIGER 코리아TOP10,38940,5,-250,-0.64,38996.0,-16.6585,134018,5253,19314,292150.KS,EQUITY,OTHER,RISK,2026-09-28
294400,1,KIWOOM 200TR,146280,5,-2300,-1.55,146367.0,-14.7709,14221,2085,18504,294400.KS,EQUITY,BROAD_MARKET,RISK,2026-09-28
214980,6,KODEX 단기채권PLUS,114455,2,5,0.0,114484.0,0.692,3844,439,18188,214980.KS,DEFENSIVE,BOND,SAFE,2026-09-28
442580,4,PLUS 글로벌HBM반도체,106860,5,-2010,-1.85,107290.0,-20.1365,96506,10389,17963,442580.KS,EQUITY,SEMICONDUCTOR,RISK,2026-09-28
305720,2,KODEX 2차전지산업,14795,2,470,3.28,14835.0,-5.1325,1907446,28062,17843,305720.KS,EQUITY,OTHER,RISK,2026-09-28
441640,4,KODEX 미국배당커버드콜액티브,12255,5,-85,-0.69,12274.0,-5.8858,213192,2614,16955,441640.KS,EQUITY,DIVIDEND,RISK,2026-09-28
475630,7,TIGER CD1년금리액티브(합성),1078495,2,70,0.01,1078498.0,0.8321,67337,72622,16898,475630.KS,DEFENSIVE,BOND,SAFE,2026-09-28
105190,1,ACE 200,111660,5,-1715,-1.51,111834.0,-15.2059,31791,3567,16805,105190.KS,EQUITY,BROAD_MARKET,RISK,2026-09-28
368590,4,RISE 미국나스닥100,30640,5,-225,-0.73,30696.0,-8.6125,108133,3317,16362,368590.KS,EQUITY,OTHER,RISK,2026-09-28
446770,4,ACE 글로벌반도체TOP4 Plus,80170,5,-875,-1.08,80286.0,-18.42,27901,2246,16074,446770.KS,EQUITY,SEMICONDUCTOR,RISK,2026-09-28
0193W0,2,KODEX 삼성전자단일종목레버리지,13190,5,-760,-5.45,13213.0,-34.5378,2858730,38991,15901,0193W0.KS,EXCLUDED,OTHER,HEDGE,2026-09-28
329200,2,TIGER 리츠부동산인프라,4075,5,-5,-0.12,4064.0,4.703,744152,3035,15719,329200.KS,EQUITY,OTHER,RISK,2026-09-28
0177N0,7,KODEX 삼성전자SK하이닉스채권혼합50,14565,5,-225,-1.52,14566.0,-6.8153,1094039,16023,15526,0177N0.KS,DEFENSIVE,BOND,HEDGE,2026-09-28
477080,6,RISE CD금리액티브(합성),107705,5,-5,0.0,107707.0,0.7954,2758,297,15472,477080.KS,DEFENSIVE,BOND,SAFE,2026-09-28
152100,1,PLUS 200,113130,5,-1650,-1.44,113268.0,-15.0354,83677,9512,15216,152100.KS,EQUITY,BROAD_MARKET,RISK,2026-09-28
379780,4,RISE 미국S&P500,22755,5,-135,-0.59,22806.0,-7.0997,45975,1046,14996,379780.KS,EQUITY,OTHER,RISK,2026-09-28
487230,4,KODEX 미국AI전력핵심인프라,19800,2,45,0.23,19866.0,-28.0176,145583,2887,14919,487230.KS,EQUITY,AI_TECH,RISK,2026-09-28
0195S0,2,TIGER SK하이닉스단일종목레버리지,9515,5,-580,-5.75,9538.0,-64.0556,2757669,26608,14839,0195S0.KS,EXCLUDED,OTHER,HEDGE,2026-09-28
226490,1,KODEX 코스피,71865,5,-705,-0.97,71959.0,-14.4446,26371,1905,14696,226490.KS,EQUITY,BROAD_MARKET,RISK,2026-09-28
091230,2,TIGER 반도체,147175,5,-830,-0.56,147290.0,-15.2622,35304,5194,14453,091230.KS,EQUITY,SEMICONDUCTOR,RISK,2026-09-28
232080,1,TIGER 코스닥150,14655,2,265,1.84,14713.0,-11.5551,2287113,33347,14441,232080.KS,EQUITY,BROAD_MARKET,RISK,2026-09-28
453850,6,ACE 미국30년국채액티브(H),6915,5,-245,-3.42,6935.0,-4.0059,930932,6443,14314,453850.KS,DEFENSIVE,BOND,HEDGE,2026-09-28
466920,2,SOL 조선TOP3플러스,26895,2,205,0.77,26958.0,-17.877,267394,7171,14268,466920.KS,EQUITY,OTHER,RISK,2026-09-28
390390,4,KODEX 미국반도체,55870,5,-130,-0.23,56010.0,-16.966,96763,5421,13493,390390.KS,EQUITY,SEMICONDUCTOR,RISK,2026-09-28
448330,1,KODEX 삼성전자채권혼합,17630,5,-120,-0.68,17632.0,-0.3681,275877,4889,13029,448330.KS,DEFENSIVE,BOND,HEDGE,2026-09-28
157450,6,TIGER 단기통안채,112710,2,5,0.0,112709.0,0.6339,6195,698,12892,157450.KS,EQUITY,OTHER,RISK,2026-09-28
436140,6,SOL 종합채권(AA-이상)액티브,105660,5,-650,-0.61,105789.0,-0.0189,48,5,12649,436140.KS,DEFENSIVE,BOND,HEDGE,2026-09-28
469150,2,ACE AI반도체TOP3+,63015,5,-750,-1.18,63067.0,-14.352,37859,2390,12477,469150.KS,EQUITY,SEMICONDUCTOR,RISK,2026-09-28
438080,7,ACE 미국S&P500미국채혼합50액티브,13865,5,-30,-0.22,13864.0,-9.2424,109983,1525,12381,438080.KS,DEFENSIVE,BOND,HEDGE,2026-09-28
487340,6,ACE 머니마켓액티브,106115,5,-5,0.0,106123.0,0.9608,11566,1227,11851,487340.KS,DEFENSIVE,BOND,SAFE,2026-09-28
494310,2,KODEX 반도체레버리지,91430,5,-2010,-2.15,91731.0,-42.7855,597699,54558,11794,494310.KS,EXCLUDED,SEMICONDUCTOR,HEDGE,2026-09-28
356540,6,ACE 종합채권(AA-이상)액티브,100735,5,-495,-0.49,100792.0,-0.1628,51,5,11711,356540.KS,DEFENSIVE,BOND,HEDGE,2026-09-28
455850,2,SOL AI반도체소부장,27565,2,70,0.25,27603.0,-2.0834,593497,16279,11591,455850.KS,EQUITY,SEMICONDUCTOR,RISK,2026-09-28
0072R0,5,TIGER KRX금현물,12405,5,-260,-2.05,12398.0,-4.6311,238202,2965,11580,0072R0.KS,REAL_ASSET,GOLD,HEDGE,2026-09-28
0183J0,4,TIGER 미국우주테크,7745,5,-220,-2.76,7753.0,-17.7595,416625,3234,11420,0183J0.KS,EQUITY,OTHER,RISK,2026-09-28
497570,4,TIGER 미국필라델피아AI반도체나스닥,22430,5,-140,-0.62,22478.0,-14.3112,129426,2909,11204,497570.KS,EQUITY,SEMICONDUCTOR,RISK,2026-09-28
465580,4,ACE 미국빅테크TOP7 Plus,24415,5,-285,-1.15,24452.0,0.8163,199886,4886,10852,465580.KS,EQUITY,AI_TECH,RISK,2026-09-28
445290,2,KODEX 로봇액티브,31145,2,145,0.47,31200.0,-9.5334,55903,1737,10838,445290.KS,EQUITY,AI_TECH,RISK,2026-09-28
0139F0,6,TIGER 12월자동연장금융채(AA-이상)액티브,102310,5,-10,-0.01,102303.0,0.9023,8,0,10822,0139F0.KS,EQUITY,BANK_FINANCE,RISK,2026-09-28
494890,1,KODEX 200액티브,32130,5,-495,-1.52,32190.0,-15.4685,13273,429,10764,494890.KS,EQUITY,BROAD_MARKET,RISK,2026-09-28
469830,6,SOL 초단기채권액티브,54505,5,-5,-0.01,54508.0,0.9257,29458,1605,10636,469830.KS,DEFENSIVE,BOND,SAFE,2026-09-28
494300,4,KODEX 미국나스닥100데일리커버드콜OTM,9045,5,-20,-0.22,9035.0,-12.3678,321824,2913,10465,494300.KS,EQUITY,OTHER,RISK,2026-09-28
449180,4,KODEX 미국S&P500(H),17245,5,-110,-0.63,17284.0,5.085,151908,2620,10425,449180.KS,EQUITY,OTHER,RISK,2026-09-28
451540,6,TIGER 종합채권(AA-이상)액티브,52565,5,-280,-0.53,52578.0,-0.2078,4134,217,10362,451540.KS,DEFENSIVE,BOND,HEDGE,2026-09-28
0117V0,2,TIGER 코리아AI전력기기TOP3플러스,19365,5,-85,-0.44,19416.0,-11.826,205864,3997,10360,0117V0.KS,EQUITY,AI_TECH,RISK,2026-09-28
479520,6,RISE KOFR금리액티브(합성),106572,5,-23,-0.02,106556.0,0.7371,148,15,10345,479520.KS,DEFENSIVE,BOND,SAFE,2026-09-28
295040,1,SOL 200TR,41750,5,-670,-1.58,41811.0,-15.1091,2305,97,10333,295040.KS,EQUITY,BROAD_MARKET,RISK,2026-09-28
446720,4,SOL 미국배당다우존스,13165,5,-135,-1.02,13159.0,-5.6785,103783,1366,10098,446720.KS,EQUITY,DIVIDEND,RISK,2026-09-28
449450,2,PLUS K방산,50910,2,905,1.81,51025.0,-18.4325,153343,7726,9841,449450.KS,EQUITY,OTHER,RISK,2026-09-28
0195R0,2,TIGER 삼성전자단일종목레버리지,11990,5,-690,-5.44,12010.0,-35.7975,1422873,17608,9730,0195R0.KS,EXCLUDED,OTHER,HEDGE,2026-09-28
315930,2,KODEX Top5PlusTR,80340,5,-670,-0.83,80421.0,-14.0159,3259,263,9641,315930.KS,EQUITY,OTHER,RISK,2026-09-28
495050,1,RISE 코리아밸류업,32590,5,-330,-1.0,32638.0,-14.9577,31977,1047,9630,495050.KS,EQUITY,OTHER,RISK,2026-09-28
237350,1,KODEX 코스피100,88890,5,-1135,-1.26,88967.0,-16.6925,26822,2400,9556,237350.KS,EQUITY,BROAD_MARKET,RISK,2026-09-28
438100,7,ACE 미국나스닥100미국채혼합50액티브,15245,5,-45,-0.29,15221.0,-9.7936,94834,1446,9482,438100.KS,DEFENSIVE,BOND,HEDGE,2026-09-28
305540,2,TIGER 2차전지테마,18930,2,670,3.67,18962.0,-1.7752,114587,2153,9418,305540.KS,EQUITY,OTHER,RISK,2026-09-28
402970,4,ACE 미국배당다우존스,14560,5,-150,-1.02,14586.0,-5.8733,109923,1600,9348,402970.KS,EQUITY,DIVIDEND,RISK,2026-09-28
0048J0,6,KODEX 미국머니마켓액티브,13575,3,0,0.0,13575.0,-11.0682,250122,3396,9230,0048J0.KS,DEFENSIVE,BOND,SAFE,2026-09-28
479080,6,1Q 머니마켓액티브,53892,2,2,0.0,53894.0,0.9081,3869,208,8849,479080.KS,DEFENSIVE,BOND,SAFE,2026-09-28
0117L0,6,KODEX 26-12 금융채(AA-이상)액티브,10175,5,-5,-0.05,10176.0,0.792,1107,11,8714,0117L0.KS,EQUITY,BANK_FINANCE,RISK,2026-09-28
0219E0,2,KODEX 200커버드콜액티브,8605,5,-120,-1.38,8586.0,0.0,3236216,28007,8691,0219E0.KS,EQUITY,BROAD_MARKET,RISK,2026-09-28
475720,3,RISE 200위클리커버드콜,12885,5,-100,-0.77,12883.0,-8.8354,277395,3591,8659,475720.KS,EQUITY,BROAD_MARKET,RISK,2026-09-28
0177R0,2,TIGER 반도체TOP10커버드콜액티브,11805,5,-235,-1.95,11828.0,-21.8234,414403,4937,8500,0177R0.KS,EQUITY,SEMICONDUCTOR,RISK,2026-09-28
466940,2,TIGER 은행고배당플러스TOP10,26990,2,110,0.41,27015.0,10.9772,155730,4193,8421,466940.KS,EQUITY,BANK_FINANCE,RISK,2026-09-28
498410,2,KODEX 금융고배당TOP10타겟위클리커버드콜,11775,2,20,0.17,11760.0,9.3146,609557,7166,8419,498410.KS,EQUITY,BANK_FINANCE,RISK,2026-09-28
069660,1,KIWOOM 200,111410,5,-1710,-1.51,111531.0,-14.5182,34130,3806,8411,069660.KS,EQUITY,BROAD_MARKET,RISK,2026-09-28
490590,4,RISE 미국AI밸류체인데일리고정커버드콜,14575,5,-140,-0.95,14588.0,-7.2344,185765,2714,8388,490590.KS,EQUITY,AI_TECH,RISK,2026-09-28
441800,1,TIME Korea플러스배당액티브,29120,5,-270,-0.92,29178.0,-13.5647,39609,1159,7985,441800.KS,EQUITY,DIVIDEND,RISK,2026-09-28
272580,6,TIGER 단기채권액티브,57200,5,-5,-0.01,57193.0,0.8195,2955,169,7911,272580.KS,DEFENSIVE,BOND,SAFE,2026-09-28
0025N0,7,TIGER TDF2045 적격,11905,5,-30,-0.25,11935.0,-6.3555,60888,725,7816,0025N0.KS,EQUITY,OTHER,RISK,2026-09-28
114800,3,KODEX 인버스,982,2,16,1.66,982.0,2.3305,123929813,120812,7776,114800.KS,EXCLUDED,OTHER,HEDGE,2026-09-28
153130,6,KODEX 단기채권,113207,2,7,0.01,113191.0,0.6556,3473,393,7752,153130.KS,DEFENSIVE,BOND,SAFE,2026-09-28
462330,2,KODEX 2차전지산업레버리지,1034,2,54,5.51,1045.0,-19.8037,30611690,31198,7723,462330.KS,EXCLUDED,OTHER,HEDGE,2026-09-28
457480,4,ACE 테슬라밸류체인액티브,18330,5,-535,-2.84,18376.0,-18.2095,255104,4696,7579,457480.KS,EQUITY,OTHER,RISK,2026-09-28
476550,6,TIGER 미국30년국채커버드콜액티브(H),6565,5,-200,-2.96,6569.0,-4.2036,608850,3992,7523,476550.KS,DEFENSIVE,BOND,HEDGE,2026-09-28
144600,5,KODEX 은선물(H),10250,5,-480,-4.47,10260.0,5.2993,176865,1820,7483,144600.KS,REAL_ASSET,SILVER,DIVERSIFIER,2026-09-28
252670,3,KODEX 200선물인버스2X,69,2,2,2.99,70.0,-11.8422,609926288,42183,7426,252670.KS,EXCLUDED,BROAD_MARKET,HEDGE,2026-09-28
456610,6,TIGER 미국달러SOFR금리액티브(합성),59115,5,-5,-0.01,59134.0,-10.8229,14006,827,7408,456610.KS,DEFENSIVE,USD,SAFE,2026-09-28
418660,4,TIGER 미국나스닥100레버리지(합성),41412,5,-598,-1.42,41582.0,-17.8128,178129,7399,7371,418660.KS,EXCLUDED,OTHER,HEDGE,2026-09-28
481060,6,KODEX 미국30년국채타겟커버드콜(합성 H),7125,5,-225,-3.06,7165.0,-2.5105,441883,3149,7253,481060.KS,DEFENSIVE,BOND,HEDGE,2026-09-28
367760,2,RISE 네트워크인프라,62125,2,170,0.27,62262.0,-22.3865,38613,2422,7175,367760.KS,EQUITY,OTHER,RISK,2026-09-28
0061Z0,6,RISE 단기특수은행채액티브,51100,3,0,0.0,51092.0,0.7889,0,0,7025,0061Z0.KS,EQUITY,BANK_FINANCE,RISK,2026-09-28
329750,6,TIGER 미국달러단기채권액티브,12855,2,15,0.12,12852.0,-11.2341,70090,901,7007,329750.KS,DEFENSIVE,USD,SAFE,2026-09-28
364980,2,TIGER 2차전지TOP10,10265,2,295,2.96,10281.0,0.8088,778282,7937,7001,364980.KS,EQUITY,OTHER,RISK,2026-09-28
0127P0,4,ACE 미국대형성장주액티브,10550,5,-50,-0.47,10593.0,-9.2721,143,1,6974,0127P0.KS,EQUITY,OTHER,RISK,2026-09-28
434730,2,HANARO 원자력iSelect,58765,2,345,0.59,58855.0,-12.1372,39354,2302,6964,434730.KS,EQUITY,OTHER,RISK,2026-09-28
290130,2,RISE ESG사회책임투자,48730,5,-720,-1.46,48791.0,-17.0511,17372,853,6920,290130.KS,EQUITY,OTHER,RISK,2026-09-28
0101N0,2,RISE AI전력인프라,21610,2,145,0.68,21688.0,3.6956,91975,1986,6807,0101N0.KS,EQUITY,AI_TECH,RISK,2026-09-28
458760,4,TIGER 미국배당다우존스타겟커버드콜2호,10500,5,-100,-0.94,10506.0,-6.1274,60026,630,6746,458760.KS,EQUITY,DIVIDEND,RISK,2026-09-28
495850,1,KODEX 코리아밸류업,32395,5,-355,-1.08,32417.0,-14.8464,23496,764,6738,495850.KS,EQUITY,OTHER,RISK,2026-09-28
314250,4,KODEX 미국빅테크10(H),64595,5,-540,-0.83,64750.0,15.0603,12126,784,6737,314250.KS,EQUITY,AI_TECH,RISK,2026-09-28
482730,4,TIGER 미국S&P500타겟데일리커버드콜,11565,5,-50,-0.43,11566.0,-7.1857,95998,1109,6673,482730.KS,EQUITY,OTHER,RISK,2026-09-28
0167B0,2,SOL 200타겟위클리커버드콜,12055,5,-190,-1.55,12059.0,-15.203,466656,5668,6654,0167B0.KS,EQUITY,BROAD_MARKET,RISK,2026-09-28
488080,3,TIGER 반도체TOP10레버리지,37905,5,-2095,-5.24,37971.0,-48.6752,1070084,41141,6614,488080.KS,EXCLUDED,SEMICONDUCTOR,HEDGE,2026-09-28
0148J0,2,TIGER 코리아휴머노이드로봇산업,9685,5,-10,-0.1,9719.0,-3.724,497200,4795,6586,0148J0.KS,EQUITY,AI_TECH,RISK,2026-09-28
102970,2,KODEX 증권,17585,5,-270,-1.51,17636.0,-14.6787,160165,2817,6550,102970.KS,EQUITY,BANK_FINANCE,RISK,2026-09-28
371460,4,TIGER 차이나전기차SOLACTIVE,9110,5,-175,-1.88,9095.0,-27.2051,28948,263,6534,371460.KS,EQUITY,OTHER,RISK,2026-09-28
0007F0,6,KODEX 27-12 회사채(AA-이상)액티브,10190,2,5,0.05,10191.0,0.7418,296,3,6514,0007F0.KS,EQUITY,OTHER,RISK,2026-09-28
491010,4,TIGER 글로벌AI전력인프라액티브,25250,2,20,0.08,25229.0,-32.5942,8296,209,6378,491010.KS,EQUITY,AI_TECH,RISK,2026-09-28
0091P0,2,TIGER 코리아원자력,17765,2,415,2.39,17816.0,1.7893,698783,12242,6360,0091P0.KS,EQUITY,OTHER,RISK,2026-09-28
434060,7,KODEX TDF2050액티브 적격,16795,5,-70,-0.42,16739.0,-8.0118,18368,308,6349,434060.KS,EQUITY,OTHER,RISK,2026-09-28
0015B0,4,KoAct 미국나스닥성장기업액티브,19605,5,-170,-0.86,19654.0,-20.5983,48471,954,6342,0015B0.KS,EQUITY,OTHER,RISK,2026-09-28
423920,4,TIGER 미국필라델피아반도체레버리지(합성),90360,5,-390,-0.43,90868.0,-42.5299,31628,2878,6126,423920.KS,EXCLUDED,SEMICONDUCTOR,HEDGE,2026-09-28
138540,2,TIGER 현대차그룹플러스,47060,2,420,0.9,47130.0,-16.0019,46751,2189,6118,138540.KS,EQUITY,OTHER,RISK,2026-09-28
491620,4,RISE 미국테크100데일리고정커버드콜,10575,5,-60,-0.56,10593.0,-5.8223,309183,3275,6022,491620.KS,EQUITY,OTHER,RISK,2026-09-28
251600,7,PLUS 고배당주채권혼합,15315,2,15,0.1,15337.0,2.9523,57490,880,5942,251600.KS,DEFENSIVE,DIVIDEND,HEDGE,2026-09-28
489250,4,KODEX 미국배당다우존스,12335,5,-135,-1.08,12354.0,-5.7363,78447,968,5908,489250.KS,EQUITY,DIVIDEND,RISK,2026-09-28
466950,4,TIGER 글로벌AI액티브,31795,5,-205,-0.64,31846.0,-28.0738,9189,293,5892,466950.KS,EQUITY,AI_TECH,RISK,2026-09-28
277630,1,TIGER 코스피,72970,5,-740,-1.0,73025.0,-13.307,8661,635,5874,277630.KS,EQUITY,BROAD_MARKET,RISK,2026-09-28
0019K0,7,TIME 미국나스닥100채권혼합50액티브,13520,5,-65,-0.48,13536.0,-8.6109,89438,1210,5834,0019K0.KS,DEFENSIVE,BOND,HEDGE,2026-09-28
449190,4,KODEX 미국나스닥100(H),22975,5,-160,-0.69,23016.0,3.1536,70637,1625,5767,449190.KS,EQUITY,OTHER,RISK,2026-09-28
484790,6,KODEX 미국30년국채액티브(H),7940,5,-265,-3.23,7963.0,-4.1295,671450,5340,5731,484790.KS,DEFENSIVE,BOND,HEDGE,2026-09-28
451000,6,PLUS 종합채권(AA-이상)액티브,106780,5,-630,-0.59,106825.0,-0.1627,6,0,5650,451000.KS,DEFENSIVE,BOND,HEDGE,2026-09-28
477050,6,PLUS 머니마켓액티브,53617,5,-3,-0.01,53623.0,0.9222,327,17,5545,477050.KS,DEFENSIVE,BOND,SAFE,2026-09-28
494670,2,TIGER 조선TOP10,21370,2,170,0.8,21411.0,-15.5883,103127,2197,5449,494670.KS,EQUITY,OTHER,RISK,2026-09-28
396520,4,TIGER 차이나반도체FACTSET,13050,5,-390,-2.9,13062.0,-26.9962,91186,1192,5366,396520.KS,EQUITY,SEMICONDUCTOR,RISK,2026-09-28
455030,6,KODEX 미국달러SOFR금리액티브(합성),11670,5,-15,-0.13,11675.0,-11.0256,12537,146,5357,455030.KS,DEFENSIVE,USD,SAFE,2026-09-28
0105E0,2,SOL 코리아고배당,12785,2,25,0.2,12806.0,2.2703,71591,912,5293,0105E0.KS,EQUITY,DIVIDEND,RISK,2026-09-28
462010,2,TIGER 2차전지소재Fn,4805,2,120,2.56,4809.0,-12.5117,857062,4072,5264,462010.KS,EQUITY,OTHER,RISK,2026-09-28
371160,4,TIGER 차이나항셍테크,6465,5,-15,-0.23,6402.0,-12.4425,26363,169,5253,371160.KS,EQUITY,OTHER,RISK,2026-09-28
315960,2,RISE 대형고배당10TR,78805,5,-955,-1.2,78940.0,-15.8206,14084,1115,5201,315960.KS,EQUITY,DIVIDEND,RISK,2026-09-28
365780,6,ACE 국고채10년,81500,5,-960,-1.16,81555.0,-0.4888,1721,140,5129,365780.KS,DEFENSIVE,BOND,HEDGE,2026-09-28
496020,6,WON 전단채플러스액티브,52585,2,5,0.01,52592.0,0.9697,300,15,5126,496020.KS,EQUITY,OTHER,RISK,2026-09-28
435420,7,TIGER 미국나스닥100채권혼합50,14160,5,-55,-0.39,14141.0,-4.1296,157832,2236,5112,435420.KS,DEFENSIVE,BOND,HEDGE,2026-09-28
361580,1,RISE 200TR,63355,5,-950,-1.48,63393.0,-14.9574,12318,785,5100,361580.KS,EQUITY,BROAD_MARKET,RISK,2026-09-28
444200,2,SOL 코리아메가테크액티브,45710,5,-115,-0.25,45737.0,-17.8101,8533,392,5074,444200.KS,EQUITY,OTHER,RISK,2026-09-28
438330,6,TIGER 우량회사채액티브,115105,5,-365,-0.32,115209.0,0.6669,302,34,4992,438330.KS,EQUITY,OTHER,RISK,2026-09-28
496080,1,TIGER 코리아밸류업,32480,5,-310,-0.95,32515.0,-14.7534,30969,1010,4986,496080.KS,EQUITY,OTHER,RISK,2026-09-28
114260,6,KODEX 국고채3년,61525,5,-165,-0.27,61563.0,0.2844,1331,81,4963,114260.KS,DEFENSIVE,BOND,HEDGE,2026-09-28
0163Y0,1,KoAct 코스닥액티브,10010,2,80,0.81,10045.0,-5.7428,93731,935,4960,0163Y0.KS,EQUITY,OTHER,RISK,2026-09-28
463250,2,TIGER K방산&우주,33235,2,505,1.54,33350.0,-14.9318,81627,2687,4952,463250.KS,EQUITY,OTHER,RISK,2026-09-28
251350,4,KODEX MSCI선진국,38415,5,-300,-0.77,38468.0,-7.0379,5382,207,4917,251350.KS,EQUITY,OTHER,RISK,2026-09-28
448290,4,TIGER 미국S&P500(H),17860,5,-115,-0.64,17905.0,4.8401,32528,581,4903,448290.KS,EQUITY,OTHER,RISK,2026-09-28
476800,7,KODEX 한국부동산리츠인프라,4200,5,-15,-0.36,4198.0,3.7327,195567,822,4857,476800.KS,EQUITY,OTHER,RISK,2026-09-28
471990,2,KODEX AI반도체핵심장비,27410,2,60,0.22,27473.0,1.8367,203806,5580,4797,471990.KS,EQUITY,SEMICONDUCTOR,RISK,2026-09-28
483280,4,KODEX 미국AI테크TOP10타겟커버드콜,11940,5,-60,-0.5,11967.0,-2.6632,64921,776,4669,483280.KS,EQUITY,AI_TECH,RISK,2026-09-28
0190C0,2,RISE 현대차고정피지컬AI,7740,2,140,1.84,7763.0,-24.9012,218567,1690,4667,0190C0.KS,EQUITY,AI_TECH,RISK,2026-09-28
499660,7,TIGER CD금리플러스액티브(합성),1002850,2,70,0.01,1002850.0,0.8211,4474,4486,4638,499660.KS,DEFENSIVE,BOND,SAFE,2026-09-28
243880,2,TIGER 200IT레버리지,352530,5,-11470,-3.15,356161.0,-54.4682,29639,10729,4583,243880.KS,EXCLUDED,BROAD_MARKET,HEDGE,2026-09-28
490490,7,SOL 미국배당미국채혼합50,10585,5,-120,-1.12,10570.0,-9.5568,56843,602,4573,490490.KS,DEFENSIVE,DIVIDEND,HEDGE,2026-09-28
451060,1,1Q 200액티브,35720,5,-515,-1.42,35759.0,-15.2302,13300,478,4501,451060.KS,EQUITY,BROAD_MARKET,RISK,2026-09-28
471230,6,KODEX 국고채10년액티브,102560,5,-1160,-1.12,102592.0,-0.5895,2330,238,4481,471230.KS,DEFENSIVE,BOND,HEDGE,2026-09-28
293180,1,HANARO 200,111600,5,-1775,-1.57,111867.0,-14.8539,7138,802,4408,293180.KS,EQUITY,BROAD_MARKET,RISK,2026-09-28
447770,7,TIGER 테슬라채권혼합Fn,13840,5,-110,-0.79,13841.0,-3.522,120929,1674,4380,447770.KS,DEFENSIVE,BOND,HEDGE,2026-09-28
474220,4,TIGER 미국테크TOP10타겟커버드콜,15050,5,-120,-0.79,15086.0,-0.8128,18896,284,4244,474220.KS,EQUITY,OTHER,RISK,2026-09-28
448300,4,TIGER 미국나스닥100(H),23700,5,-170,-0.71,23746.0,2.9648,20989,498,4242,448300.KS,EQUITY,OTHER,RISK,2026-09-28
0023A0,4,SOL 미국양자컴퓨팅TOP10,24200,5,-1010,-4.01,24326.0,-27.4324,100592,2441,4235,0023A0.KS,EQUITY,OTHER,RISK,2026-09-28
0016X0,6,SOL 중단기회사채(A-이상)액티브,51485,5,-30,-0.06,51469.0,0.8614,41,2,4216,0016X0.KS,EQUITY,OTHER,RISK,2026-09-28
0162M0,6,KODEX 금융채1~2년(AA-이상)PLUS액티브,10035,5,-20,-0.2,10048.0,0.9031,277,2,4197,0162M0.KS,EQUITY,BANK_FINANCE,RISK,2026-09-28
0210A0,2,ACE K반도체TOP2+,7715,5,-120,-1.53,7725.0,-22.4258,720373,5618,4120,0210A0.KS,EQUITY,SEMICONDUCTOR,RISK,2026-09-28
385560,6,RISE KIS국고채30년Enhanced,49750,5,-1080,-2.12,49544.0,-4.5173,10270,508,4105,385560.KS,DEFENSIVE,BOND,HEDGE,2026-09-28
426020,4,TIME 미국S&P500액티브,32070,5,-210,-0.65,32069.0,-11.5132,13450,432,4073,426020.KS,EQUITY,OTHER,RISK,2026-09-28
0173Y0,4,KODEX 미국AI광통신네트워크,10930,5,-375,-3.32,10992.0,-22.315,144273,1585,4060,0173Y0.KS,EQUITY,AI_TECH,RISK,2026-09-28
302450,1,RISE 코스피,72500,5,-630,-0.86,72554.0,-13.4005,242,17,4060,302450.KS,EQUITY,BROAD_MARKET,RISK,2026-09-28
148070,6,KIWOOM 국고채10년,103300,5,-1095,-1.05,103365.0,-0.6046,4163,429,3982,148070.KS,DEFENSIVE,BOND,HEDGE,2026-09-28
385720,1,TIME 코스피액티브,25900,5,-215,-0.82,25930.0,-17.9806,7387,192,3963,385720.KS,EQUITY,BROAD_MARKET,RISK,2026-09-28
480260,6,TIGER 27-04회사채(A+이상)액티브,53877,2,7,0.01,53878.0,0.7292,816,43,3958,480260.KS,EQUITY,OTHER,RISK,2026-09-28
0060H0,1,TIGER 토탈월드스탁액티브,12490,5,-85,-0.68,12524.0,-8.0857,14191,177,3922,0060H0.KS,EQUITY,OTHER,RISK,2026-09-28
0046A0,6,TIGER 미국초단기(3개월이하)국채,9405,5,-5,-0.05,9414.0,-10.9809,129895,1222,3866,0046A0.KS,DEFENSIVE,BOND,SAFE,2026-09-28
241180,4,TIGER 일본니케이225,34660,2,710,2.09,34753.0,-15.3578,5351,185,3861,241180.KS,EQUITY,OTHER,RISK,2026-09-28
474590,2,WON 반도체밸류체인액티브,49030,5,-270,-0.55,49104.0,-10.7208,30154,1478,3824,474590.KS,EQUITY,SEMICONDUCTOR,RISK,2026-09-28
476760,6,ACE 미국30년국채액티브,8505,5,-275,-3.13,8503.0,-15.3982,517795,4396,3759,476760.KS,DEFENSIVE,BOND,HEDGE,2026-09-28
0040Y0,7,SOL 팔란티어커버드콜OTM채권혼합,8085,5,-15,-0.19,8052.0,6.5194,78142,631,3723,0040Y0.KS,DEFENSIVE,BOND,HEDGE,2026-09-28
469070,2,RISE AI&로봇,11035,2,110,1.01,11048.0,-5.5748,27856,306,3702,469070.KS,EQUITY,AI_TECH,RISK,2026-09-28
439860,6,KODEX ESG종합채권(A-이상)액티브,113215,5,-355,-0.31,113559.0,0.5489,6,0,3695,439860.KS,DEFENSIVE,BOND,HEDGE,2026-09-28
245710,4,ACE 베트남VN30(합성),28355,5,-340,-1.18,28512.0,-12.2478,2707,76,3658,245710.KS,EQUITY,OTHER,RISK,2026-09-28
310960,1,TIGER 200TR,65045,5,-990,-1.5,65124.0,-15.9272,7565,493,3643,310960.KS,EQUITY,BROAD_MARKET,RISK,2026-09-28
0131V0,4,1Q 미국우주항공테크,11130,5,-20,-0.18,11137.0,-10.9425,25138,279,3640,0131V0.KS,EQUITY,OTHER,RISK,2026-09-28
458250,6,TIGER 미국30년국채스트립액티브(합성 H),32700,5,-1920,-5.55,32915.0,-7.3589,104308,3418,3606,458250.KS,DEFENSIVE,BOND,HEDGE,2026-09-28
091180,2,KODEX 자동차,25410,2,345,1.38,25469.0,-18.2795,43164,1091,3596,091180.KS,EQUITY,OTHER,RISK,2026-09-28
132030,5,KODEX 골드선물(H),23745,5,-510,-2.1,23754.0,4.4123,36024,856,3585,132030.KS,REAL_ASSET,GOLD,HEDGE,2026-09-28
0167Z0,4,KODEX 미국우주항공,7720,5,-120,-1.53,7721.0,-24.707,51643,400,3551,0167Z0.KS,EQUITY,OTHER,RISK,2026-09-28
484880,2,SOL 금융지주플러스고배당,22920,2,70,0.31,22924.0,12.0588,140178,3210,3530,484880.KS,EQUITY,BANK_FINANCE,RISK,2026-09-28
442570,7,RISE TDF2050액티브 적격,17410,5,-155,-0.88,17358.0,-7.4012,24189,421,3526,442570.KS,EQUITY,OTHER,RISK,2026-09-28
0144L0,4,KODEX 미국성장커버드콜액티브,9620,5,-60,-0.62,9648.0,-5.8115,57600,555,3511,0144L0.KS,EQUITY,OTHER,RISK,2026-09-28
0080G0,2,KODEX 방산TOP10,10060,2,190,1.93,10090.0,-15.0107,932467,9290,3491,0080G0.KS,EQUITY,OTHER,RISK,2026-09-28
279530,2,KODEX 고배당주,17480,2,135,0.78,17495.0,6.2211,100898,1759,3461,279530.KS,EQUITY,DIVIDEND,RISK,2026-09-28
0182R0,2,1Q K반도체TOP2+,11150,5,-195,-1.72,11160.0,-22.9542,655951,7388,3457,0182R0.KS,EQUITY,SEMICONDUCTOR,RISK,2026-09-28
385510,2,KODEX 신재생에너지액티브,39645,2,1295,3.38,39777.0,-2.3304,21959,862,3449,385510.KS,EQUITY,ENERGY,RISK,2026-09-28
0094M0,2,RISE 코리아밸류업위클리고정커버드콜,17365,5,-130,-0.74,17376.0,-10.1612,262711,4579,3447,0094M0.KS,EQUITY,OTHER,RISK,2026-09-28
0026S0,4,1Q 미국S&P500,12705,5,-75,-0.59,12736.0,-7.1713,20540,261,3430,0026S0.KS,EQUITY,OTHER,RISK,2026-09-28
472170,7,TIGER 미국테크TOP10채권혼합,14095,5,-40,-0.28,14057.0,-0.4928,34146,481,3425,472170.KS,DEFENSIVE,BOND,HEDGE,2026-09-28
270810,1,RISE 코스닥150,14295,2,220,1.56,14362.0,-10.7483,14254,202,3345,270810.KS,EQUITY,BROAD_MARKET,RISK,2026-09-28
0052D0,2,TIGER 코리아배당다우존스,15335,2,115,0.76,15349.0,3.7149,17328,264,3343,0052D0.KS,EQUITY,DIVIDEND,RISK,2026-09-28
462900,2,KoAct 바이오헬스케어액티브,12720,2,190,1.52,12773.0,-18.3714,178766,2270,3333,462900.KS,EQUITY,BIO_HEALTHCARE,RISK,2026-09-28
0043Y0,4,TIME 차이나AI테크액티브,19270,5,-340,-1.73,19376.0,-26.8148,24634,473,3305,0043Y0.KS,EQUITY,AI_TECH,RISK,2026-09-28
456880,7,ACE 미국달러SOFR금리(합성),11965,3,0,0.0,11968.0,-11.14,15285,182,3300,456880.KS,DEFENSIVE,USD,HEDGE,2026-09-28
448630,7,RISE 삼성그룹Top3채권혼합,15345,5,-5,-0.03,15348.0,1.8242,53965,830,3299,448630.KS,DEFENSIVE,BOND,HEDGE,2026-09-28
473290,6,KODEX 26-12 회사채(AA-이상)액티브,10897,2,2,0.02,10899.0,0.7863,2466,26,3245,473290.KS,EQUITY,OTHER,RISK,2026-09-28
0052S0,7,1Q 미국S&P500미국채혼합50액티브,11425,5,-30,-0.26,11439.0,-9.0255,29573,337,3222,0052S0.KS,DEFENSIVE,BOND,HEDGE,2026-09-28
475300,2,SOL 반도체전공정,24535,5,-110,-0.45,24592.0,-1.6953,328782,7987,3214,475300.KS,EQUITY,SEMICONDUCTOR,RISK,2026-09-28
453810,4,KODEX 인도Nifty50,11045,5,-80,-0.72,11035.0,-14.4254,20300,224,3198,453810.KS,EQUITY,OTHER,RISK,2026-09-28
485540,4,KODEX 미국AI테크TOP10,15560,5,-145,-0.92,15601.0,-1.7105,25339,395,3128,485540.KS,EQUITY,AI_TECH,RISK,2026-09-28
0094K0,6,TIGER 28-04 회사채(A+이상)액티브,99385,5,-185,-0.19,99379.0,0.7385,1256,124,3105,0094K0.KS,EQUITY,OTHER,RISK,2026-09-28
0111P0,7,1Q 미국나스닥100미국채혼합50액티브,10820,5,-40,-0.37,10835.0,-9.8563,23272,252,3084,0111P0.KS,DEFENSIVE,BOND,HEDGE,2026-09-28
489030,2,PLUS 고배당주위클리커버드콜,6330,2,70,1.12,6327.0,9.4214,154589,975,3067,489030.KS,EQUITY,DIVIDEND,RISK,2026-09-28
385550,6,RISE 단기채권알파액티브,114330,2,20,0.02,114320.0,0.7935,49,5,3024,385550.KS,DEFENSIVE,BOND,SAFE,2026-09-28
454780,6,KIWOOM 종합채권(AA-이상)액티브,99040,5,-645,-0.65,99053.0,0.0,1,0,3002,454780.KS,DEFENSIVE,BOND,HEDGE,2026-09-28
471780,2,TIGER 코리아테크액티브,38985,5,-260,-0.66,39052.0,-13.1172,23891,935,3002,471780.KS,EQUITY,OTHER,RISK,2026-09-28
433330,4,SOL 미국S&P500,21725,5,-145,-0.66,21783.0,-7.0475,26703,580,2998,433330.KS,EQUITY,OTHER,RISK,2026-09-28
483320,4,ACE 엔비디아밸류체인액티브,25750,5,-355,-1.36,25751.0,-17.1139,20685,536,2987,483320.KS,EQUITY,OTHER,RISK,2026-09-28
497880,6,SOL CD금리&머니마켓액티브,50150,3,0,0.0,50147.0,0.963,23391,1173,2972,497880.KS,DEFENSIVE,BOND,SAFE,2026-09-28
190620,6,ACE 단기통안채,102105,5,-25,-0.02,102115.0,0.6603,706,72,2968,190620.KS,EQUITY,OTHER,RISK,2026-09-28
0038A0,4,KODEX 미국휴머노이드로봇,15540,5,-40,-0.26,15568.0,-14.5721,19938,310,2953,0038A0.KS,EQUITY,AI_TECH,RISK,2026-09-28
091170,2,KODEX 은행,16485,2,100,0.61,16493.0,13.7774,123394,2033,2951,091170.KS,EQUITY,BANK_FINANCE,RISK,2026-09-28
0008S0,4,TIGER 미국배당다우존스타겟데일리커버드콜,9425,5,-115,-1.21,9440.0,-5.9524,67434,635,2950,0008S0.KS,EQUITY,DIVIDEND,RISK,2026-09-28
481190,4,SOL 미국테크TOP10,17195,5,-145,-0.84,17234.0,-0.7442,81043,1396,2940,481190.KS,EQUITY,OTHER,RISK,2026-09-28
0098F0,2,KODEX 원자력SMR,16340,2,200,1.24,16406.0,-0.1238,452382,7340,2917,0098F0.KS,EQUITY,OTHER,RISK,2026-09-28
475080,7,KODEX 테슬라커버드콜채권혼합액티브,7960,5,-20,-0.25,7924.0,-2.726,16365,130,2889,475080.KS,DEFENSIVE,BOND,HEDGE,2026-09-28
136340,6,RISE 중기우량회사채,103825,5,-200,-0.19,103855.0,0.4133,79,8,2851,136340.KS,EQUITY,OTHER,RISK,2026-09-28
441680,7,TIGER 미국나스닥100커버드콜(합성),10815,2,40,0.37,10846.0,-7.6637,17425,188,2844,441680.KS,EQUITY,OTHER,RISK,2026-09-28
273140,6,KODEX 단기변동금리부채권액티브,114630,2,5,0.0,114626.0,0.6739,334,38,2798,273140.KS,DEFENSIVE,BOND,HEDGE,2026-09-28
461490,7,RISE 글로벌자산배분액티브,14505,5,-105,-0.72,14498.0,-2.8268,15105,219,2785,461490.KS,EQUITY,OTHER,RISK,2026-09-28
307520,2,TIGER 지주회사,22510,2,200,0.9,22518.0,-0.7363,298395,6716,2757,307520.KS,EQUITY,OTHER,RISK,2026-09-28
421320,2,PLUS 우주항공,28620,2,310,1.1,28684.0,-5.9469,12837,365,2748,421320.KS,EQUITY,OTHER,RISK,2026-09-28
473330,6,SOL 미국30년국채커버드콜(합성),7610,5,-195,-2.5,7649.0,-15.0933,146504,1114,2743,473330.KS,DEFENSIVE,BOND,HEDGE,2026-09-28
0228G0,2,ACE 반도체Plus전략산업,10250,5,-75,-0.73,10284.0,0.0,202934,2089,2742,0228G0.KS,EQUITY,SEMICONDUCTOR,RISK,2026-09-28
471040,4,KoAct 글로벌AI&로봇액티브,30125,5,-110,-0.36,30198.0,-21.8431,3774,114,2741,471040.KS,EQUITY,AI_TECH,RISK,2026-09-28
453870,4,TIGER 인도니프티50,10860,5,-80,-0.73,10802.0,-15.3684,14158,153,2720,453870.KS,EQUITY,OTHER,RISK,2026-09-28
0162Y0,1,TIME 코스닥액티브,7990,2,95,1.2,8014.0,-12.666,93292,738,2713,0162Y0.KS,EQUITY,OTHER,RISK,2026-09-28
423170,4,SOL 글로벌AI반도체탑픽액티브,60230,5,-1005,-1.64,60479.0,-16.3057,7423,451,2698,423170.KS,EQUITY,SEMICONDUCTOR,RISK,2026-09-28
409820,4,KODEX 미국나스닥100레버리지(합성 H),21320,5,-335,-1.55,21438.0,4.8668,17759,379,2697,409820.KS,EXCLUDED,OTHER,HEDGE,2026-09-28
0183V0,7,KIWOOM 삼성전자&SK하이닉스채권혼합50,12005,5,-155,-1.27,12009.0,-5.8881,227936,2751,2677,0183V0.KS,DEFENSIVE,BOND,HEDGE,2026-09-28
213610,2,KODEX 삼성그룹밸류,22480,5,-180,-0.79,22557.0,-8.2777,1032,23,2675,213610.KS,EQUITY,OTHER,RISK,2026-09-28
439870,6,KODEX 국고채30년액티브,86160,5,-1780,-2.02,85446.0,-3.1818,3272,280,2666,439870.KS,DEFENSIVE,BOND,HEDGE,2026-09-28
123320,3,TIGER 레버리지,114250,5,-3675,-3.12,114502.0,-37.4072,24704,2860,2628,123320.KS,EXCLUDED,OTHER,HEDGE,2026-09-28
0232A0,6,MIDAS 머니마켓액티브,100315,3,0,0.0,100326.0,0.0,0,0,2592,0232A0.KS,DEFENSIVE,BOND,SAFE,2026-09-28
196230,6,RISE 단기통안채,117055,5,-20,-0.02,117091.0,0.5971,651,76,2587,196230.KS,EQUITY,OTHER,RISK,2026-09-28
388420,2,RISE 비메모리반도체액티브,29315,5,-245,-0.83,29431.0,-18.3549,6383,187,2580,388420.KS,EQUITY,SEMICONDUCTOR,RISK,2026-09-28
486830,6,HANARO 머니마켓액티브,53400,5,-10,-0.02,53407.0,0.9068,478,25,2545,486830.KS,DEFENSIVE,BOND,SAFE,2026-09-28
364970,2,TIGER 바이오TOP10,6780,2,205,3.12,6765.0,-1.4243,453464,3070,2543,364970.KS,EQUITY,BIO_HEALTHCARE,RISK,2026-09-28
483340,4,ACE 구글밸류체인액티브,22595,5,-400,-1.74,22619.0,-15.5527,29276,662,2542,483340.KS,EQUITY,OTHER,RISK,2026-09-28
472920,6,HK 종합채권(AA-이상)액티브,97660,5,-435,-0.44,97642.0,-0.1426,1,0,2525,472920.KS,DEFENSIVE,BOND,HEDGE,2026-09-28
139230,2,TIGER 200 중공업,12880,2,95,0.74,12895.0,-16.5475,16322,209,2514,139230.KS,EQUITY,BROAD_MARKET,RISK,2026-09-28
117700,2,KODEX 건설,7110,2,150,2.16,7136.0,9.8372,1196017,8363,2496,117700.KS,EQUITY,OTHER,RISK,2026-09-28
495230,1,KoAct 코리아밸류업액티브,31725,5,-245,-0.77,31748.0,-17.1551,6095,194,2490,495230.KS,EQUITY,OTHER,RISK,2026-09-28
228790,2,TIGER 화장품,4285,2,40,0.94,4286.0,31.6279,1193455,5132,2459,228790.KS,EQUITY,OTHER,RISK,2026-09-28
493810,4,TIGER 미국AI빅테크10타겟데일리커버드콜,11380,5,-80,-0.7,11406.0,-2.6393,28047,319,2424,493810.KS,EQUITY,AI_TECH,RISK,2026-09-28
363580,2,KODEX 200IT TR,58075,5,-725,-1.23,58222.0,-21.6053,31377,1843,2410,363580.KS,EQUITY,BROAD_MARKET,RISK,2026-09-28
283580,4,KODEX 차이나CSI300,14545,5,-265,-1.79,14551.0,-16.818,20226,294,2393,283580.KS,EQUITY,OTHER,RISK,2026-09-28
0182S0,7,1Q K반도체TOP2채권혼합50,12857,5,-163,-1.25,12847.0,-8.0834,52805,681,2391,0182S0.KS,DEFENSIVE,SEMICONDUCTOR,HEDGE,2026-09-28
0053L0,4,TIGER 차이나휴머노이드로봇,8900,5,-135,-1.49,8913.0,-26.651,111550,995,2390,0053L0.KS,EQUITY,AI_TECH,RISK,2026-09-28
472160,4,TIGER 미국테크TOP10 INDXX(H),19590,5,-165,-0.84,19628.0,11.2644,43272,849,2321,472160.KS,EQUITY,OTHER,RISK,2026-09-28
363570,6,KODEX 장기종합채권(AA-이상)액티브,85350,5,-985,-1.14,85425.0,-1.4216,71,6,2316,363570.KS,DEFENSIVE,BOND,HEDGE,2026-09-28
329650,7,KODEX TRF3070,13960,5,-40,-0.29,13987.0,-2.8325,5507,76,2303,329650.KS,EQUITY,OTHER,RISK,2026-09-28
0092C0,6,SOL 27-12 회사채(AA-이상)액티브,50280,5,-20,-0.04,50300.0,0.8016,10,0,2296,0092C0.KS,EQUITY,OTHER,RISK,2026-09-28
0151S0,4,KODEX 미국AI반도체TOP3플러스,16190,5,-290,-1.76,16209.0,-10.784,96176,1560,2291,0151S0.KS,EQUITY,SEMICONDUCTOR,RISK,2026-09-28
498270,4,KIWOOM 미국양자컴퓨팅,15020,5,-145,-0.96,15038.0,-15.2175,25475,382,2261,498270.KS,EQUITY,OTHER,RISK,2026-09-28
422420,2,RISE 2차전지액티브,6890,2,250,3.77,6897.0,-8.076,35420,241,2256,422420.KS,EQUITY,OTHER,RISK,2026-09-28
0089D0,2,KODEX 금융고배당TOP10,13415,2,35,0.26,13423.0,7.4309,41539,557,2254,0089D0.KS,EQUITY,BANK_FINANCE,RISK,2026-09-28
433500,2,ACE 원자력TOP10,59040,2,760,1.3,59197.0,-0.7494,17850,1043,2244,433500.KS,EQUITY,OTHER,RISK,2026-09-28
478150,4,TIME 글로벌우주테크&방산액티브,17975,5,-75,-0.42,18033.0,-19.9912,10500,188,2220,478150.KS,EQUITY,OTHER,RISK,2026-09-28
452360,4,SOL 미국배당다우존스(H),13055,5,-115,-0.87,13061.0,6.3809,28960,377,2219,452360.KS,EQUITY,DIVIDEND,RISK,2026-09-28
0104N0,2,TIGER 200타겟위클리커버드콜,21370,5,-320,-1.48,21379.0,-14.475,27960,602,2201,0104N0.KS,EQUITY,BROAD_MARKET,RISK,2026-09-28
271050,5,KODEX WTI원유선물인버스(H),1732,5,-67,-3.72,1730.0,-25.8145,1998795,3458,2194,271050.KS,EXCLUDED,ENERGY,HEDGE,2026-09-28
488980,6,SOL 26-12 회사채(AA-이상)액티브,52225,5,-5,-0.01,52228.0,0.8203,11,0,2188,488980.KS,EQUITY,OTHER,RISK,2026-09-28
437080,6,KODEX 미국종합채권ESG액티브(H),94680,5,-1450,-1.51,94842.0,-1.8278,792,75,2177,437080.KS,DEFENSIVE,BOND,HEDGE,2026-09-28
442320,4,RISE 글로벌원자력,34450,5,-215,-0.62,34459.0,-17.9537,2812,96,2167,442320.KS,EQUITY,OTHER,RISK,2026-09-28
458260,6,TIGER 미국투자등급회사채액티브(H),45065,5,-940,-2.04,45142.0,-2.3679,1293,58,2163,458260.KS,EQUITY,OTHER,RISK,2026-09-28
0233J0,7,TIGER 삼성전자SK하이닉스미국채혼합50,10655,5,-160,-1.48,10715.0,0.0,33189,355,2131,0233J0.KS,DEFENSIVE,BOND,HEDGE,2026-09-28
0119H0,6,KODEX 28-12 회사채(AA-이상)액티브,9900,5,-10,-0.1,9918.0,0.4052,4131,40,2130,0119H0.KS,EQUITY,OTHER,RISK,2026-09-28
266160,2,RISE 고배당,33540,5,-340,-1.0,33565.0,-11.0247,3890,131,2130,266160.KS,EQUITY,DIVIDEND,RISK,2026-09-28
157500,2,TIGER 증권,11960,5,-155,-1.28,11992.0,-14.1099,94504,1130,2129,157500.KS,EQUITY,BANK_FINANCE,RISK,2026-09-28
332930,1,HANARO 200TR,146250,5,-2025,-1.37,146340.0,-14.6079,9,1,2121,332930.KS,EQUITY,BROAD_MARKET,RISK,2026-09-28
244580,2,KODEX 바이오,8075,2,255,3.26,8081.0,-10.4752,243792,1961,2112,244580.KS,EQUITY,BIO_HEALTHCARE,RISK,2026-09-28
490090,4,TIGER 미국AI빅테크10,16105,5,-135,-0.83,16147.0,-1.695,20269,326,2110,490090.KS,EQUITY,AI_TECH,RISK,2026-09-28
305080,6,TIGER 미국채10년선물,11720,5,-165,-1.39,11725.0,-13.9704,22013,258,2110,305080.KS,DEFENSIVE,BOND,HEDGE,2026-09-28
267770,3,TIGER 200선물레버리지,86770,5,-2870,-3.2,87008.0,-37.4503,35904,3169,2082,267770.KS,EXCLUDED,BROAD_MARKET,HEDGE,2026-09-28
448540,7,ACE 엔비디아채권혼합,26545,5,-165,-0.62,26534.0,0.5647,9586,254,2071,448540.KS,DEFENSIVE,BOND,HEDGE,2026-09-28
486450,4,SOL 미국AI전력인프라,18820,5,-280,-1.47,18823.0,-24.8328,6502,122,2061,486450.KS,EQUITY,AI_TECH,RISK,2026-09-28
0005A0,4,KODEX 미국S&P500데일리커버드콜OTM,9295,5,-55,-0.59,9277.0,-7.5572,64419,599,2026,0005A0.KS,EQUITY,OTHER,RISK,2026-09-28
463050,2,TIME K바이오액티브,11220,2,220,2.0,11241.0,-16.5403,93096,1040,2025,463050.KS,EQUITY,BIO_HEALTHCARE,RISK,2026-09-28
0069M0,4,1Q 미국나스닥100,13730,5,-85,-0.62,13756.0,-8.7719,17574,241,2005,0069M0.KS,EQUITY,OTHER,RISK,2026-09-28
480040,4,ACE 미국반도체데일리타겟커버드콜(합성),14710,2,20,0.14,14760.0,-23.5564,35296,519,2001,480040.KS,EQUITY,SEMICONDUCTOR,RISK,2026-09-28
0093A0,2,RISE AI반도체TOP10,36300,5,-365,-1.0,36378.0,-8.4863,50892,1852,1997,0093A0.KS,EQUITY,SEMICONDUCTOR,RISK,2026-09-28
495060,1,TIME 코리아밸류업액티브,28590,5,-450,-1.55,28612.0,-24.2172,8588,246,1944,495060.KS,EQUITY,OTHER,RISK,2026-09-28
0204D0,2,KODEX 현대차로보틱스밸류체인TOP3플러스,5670,2,90,1.61,5664.0,-22.3923,153441,866,1931,0204D0.KS,EQUITY,OTHER,RISK,2026-09-28
302190,6,TIGER 중장기국채,49705,5,-320,-0.64,49720.0,-0.07,3337,165,1929,302190.KS,DEFENSIVE,BOND,HEDGE,2026-09-28
433980,7,KODEX TDF2040액티브 적격,15745,5,-60,-0.38,15730.0,-6.3875,7457,117,1921,433980.KS,EQUITY,OTHER,RISK,2026-09-28
0115D0,2,KODEX 조선TOP10,7410,2,50,0.68,7423.0,-17.7194,179488,1326,1915,0115D0.KS,EQUITY,OTHER,RISK,2026-09-28
495550,1,SOL 코리아밸류업TR,33185,5,-300,-0.9,33189.0,-14.7856,2915,97,1908,495550.KS,EQUITY,OTHER,RISK,2026-09-28
0005G0,2,IBK K-AI반도체코어테크,54990,5,-505,-0.91,54954.0,-13.035,1406,77,1897,0005G0.KS,EQUITY,SEMICONDUCTOR,RISK,2026-09-28
494330,2,ACE 라이프자산주주가치액티브,33055,5,-165,-0.5,33062.0,0.4865,2732,90,1884,494330.KS,EQUITY,OTHER,RISK,2026-09-28
0082V0,7,KODEX TDF2060액티브 적격,11245,5,-35,-0.31,11204.0,-7.6361,12135,136,1884,0082V0.KS,EQUITY,OTHER,RISK,2026-09-28
466930,2,SOL 자동차TOP3플러스,23625,2,390,1.68,23666.0,-22.9226,33546,793,1866,466930.KS,EQUITY,OTHER,RISK,2026-09-28
261260,7,KODEX 미국달러선물인버스2X,5520,3,0,0.0,5518.0,28.2229,112981,623,1857,261260.KS,EXCLUDED,USD,HEDGE,2026-09-28
0047A0,4,TIGER 차이나테크TOP10,12275,5,-240,-1.92,12275.0,-17.8267,3967,48,1854,0047A0.KS,EQUITY,OTHER,RISK,2026-09-28
0091C0,6,KODEX 미국10년국채액티브(H),9260,5,-155,-1.65,9269.0,-2.373,43770,405,1853,0091C0.KS,DEFENSIVE,BOND,HEDGE,2026-09-28
414780,4,TIGER 차이나과창판STAR50(합성),13480,5,-380,-2.74,13513.0,-20.6867,38789,519,1847,414780.KS,EQUITY,OTHER,RISK,2026-09-28
473460,4,KODEX 미국서학개미,24265,5,-390,-1.58,24309.0,-7.4382,6791,165,1832,473460.KS,EQUITY,OTHER,RISK,2026-09-28
429000,4,TIGER 미국S&P500배당귀족,12650,5,-130,-1.02,12653.0,-9.6192,26514,334,1822,429000.KS,EQUITY,DIVIDEND,RISK,2026-09-28
494220,2,UNICORN SK하이닉스밸류체인액티브,51720,5,-605,-1.16,51912.0,-16.1324,11046,573,1810,494220.KS,EQUITY,OTHER,RISK,2026-09-28
0190G0,2,KODEX 반도체타겟위클리커버드콜,9600,5,-95,-0.98,9632.0,-11.2962,93249,895,1805,0190G0.KS,EQUITY,SEMICONDUCTOR,RISK,2026-09-28
332500,1,ACE 200TR,74990,5,-1105,-1.45,75005.0,-14.9302,5553,417,1800,332500.KS,EQUITY,BROAD_MARKET,RISK,2026-09-28
412570,2,TIGER 2차전지TOP10레버리지,1208,2,57,4.95,1215.0,-14.8039,3158535,3777,1799,412570.KS,EXCLUDED,OTHER,HEDGE,2026-09-28
480020,4,ACE 미국빅테크7+데일리타겟커버드콜(합성),9980,5,-90,-0.89,9992.0,-6.6586,54873,548,1786,480020.KS,EQUITY,AI_TECH,RISK,2026-09-28
122090,1,PLUS 코스피50,83785,5,-1200,-1.41,83879.0,-17.6161,3771,318,1785,122090.KS,EQUITY,BROAD_MARKET,RISK,2026-09-28
233160,3,TIGER 코스닥150 레버리지,7995,2,300,3.9,8025.0,-31.6608,784806,6170,1775,233160.KS,EXCLUDED,BROAD_MARKET,HEDGE,2026-09-28
0040X0,7,SOL 팔란티어미국채커버드콜혼합,9325,5,-65,-0.69,9320.0,1.3372,14635,136,1748,0040X0.KS,DEFENSIVE,BOND,HEDGE,2026-09-28
0099L0,6,ACE 우량회사채(AA-이상)액티브,99395,5,-175,-0.18,99429.0,0.7844,16,1,1743,0099L0.KS,EQUITY,OTHER,RISK,2026-09-28
483290,4,KODEX 미국배당다우존스타겟커버드콜,9845,5,-100,-1.01,9855.0,-6.1142,39751,391,1743,483290.KS,EQUITY,DIVIDEND,RISK,2026-09-28
0192Z0,6,TIGER 중기종합채권(A-이상)액티브,100735,5,-185,-0.18,100750.0,0.6532,3,0,1735,0192Z0.KS,DEFENSIVE,BOND,HEDGE,2026-09-28
461950,2,KODEX 2차전지핵심소재10,4915,2,155,3.26,4925.0,-10.6603,415435,2020,1730,461950.KS,EQUITY,OTHER,RISK,2026-09-28
403790,1,MIDAS 코스피액티브,58945,5,-465,-0.78,58965.0,-13.1306,10,0,1724,403790.KS,EQUITY,BROAD_MARKET,RISK,2026-09-28
476450,6,KIWOOM 머니마켓액티브,52885,2,5,0.01,52882.0,0.8679,2,0,1706,476450.KS,DEFENSIVE,BOND,SAFE,2026-09-28
337160,2,KODEX 200ESG,48805,5,-850,-1.71,48955.0,-14.8827,6631,326,1659,337160.KS,EQUITY,BROAD_MARKET,RISK,2026-09-28
490600,4,RISE 미국배당100데일리고정커버드콜,8510,5,-110,-1.28,8532.0,-7.101,53093,452,1630,490600.KS,EQUITY,DIVIDEND,RISK,2026-09-28
491820,2,HANARO 전력설비투자,44450,5,-165,-0.37,44556.0,-10.9837,16548,735,1622,491820.KS,EQUITY,OTHER,RISK,2026-09-28
0153K0,2,KODEX 주주환원고배당주,12165,2,115,0.95,12175.0,7.4452,58086,705,1618,0153K0.KS,EQUITY,DIVIDEND,RISK,2026-09-28
237370,7,KODEX 코리아배당성장채권혼합,15555,2,30,0.19,15570.0,0.7971,8393,130,1618,237370.KS,DEFENSIVE,DIVIDEND,HEDGE,2026-09-28
0193G0,1,KoAct 코스피액티브,8600,5,-85,-0.98,8608.0,-18.5655,21412,185,1617,0193G0.KS,EQUITY,BROAD_MARKET,RISK,2026-09-28
480030,4,ACE 미국500데일리타겟커버드콜(합성),9600,5,-45,-0.47,9596.0,-9.1024,22844,219,1613,480030.KS,EQUITY,OTHER,RISK,2026-09-28
200250,4,KIWOOM 인도Nifty50(합성),20240,5,-255,-1.24,20226.0,-14.0851,2359,47,1599,200250.KS,EQUITY,OTHER,RISK,2026-09-28
488720,7,WON 종합채권(AA-이상)액티브,48670,3,0,0.0,48466.0,-0.0822,0,0,1594,488720.KS,DEFENSIVE,BOND,HEDGE,2026-09-28
472870,6,RISE 미국30년국채엔화노출(합성 H),6545,5,-235,-3.47,6560.0,-14.3024,147365,964,1587,472870.KS,DEFENSIVE,BOND,HEDGE,2026-09-28
272560,6,RISE 단기국공채액티브,114870,5,-70,-0.06,114861.0,0.692,29728,3415,1585,272560.KS,EQUITY,OTHER,RISK,2026-09-28
0005D0,2,SOL 전고체배터리&실리콘음극재,15010,2,635,4.42,15029.0,-10.2404,278494,4107,1584,0005D0.KS,EQUITY,OTHER,RISK,2026-09-28
160580,5,TIGER 구리실물,16220,5,-150,-0.92,16447.0,-2.0348,16701,271,1573,160580.KS,REAL_ASSET,COPPER,DIVERSIFIER,2026-09-28
152870,1,파워 200,112370,5,-1755,-1.54,112585.0,-14.4922,2668,300,1573,152870.KS,EQUITY,BROAD_MARKET,RISK,2026-09-28
0064K0,5,KODEX 금액티브,12040,5,-255,-2.07,12047.0,-7.2076,38042,458,1553,0064K0.KS,EQUITY,OTHER,RISK,2026-09-28
354500,1,ACE 코스닥150,14540,2,265,1.86,14581.0,-11.2252,30365,437,1541,354500.KS,EQUITY,BROAD_MARKET,RISK,2026-09-28
394670,4,TIGER 글로벌리튬&2차전지SOLACTIVE(합성),10460,5,-55,-0.52,10447.0,-21.7343,834,8,1527,394670.KS,EQUITY,OTHER,RISK,2026-09-28
0180V0,4,ACE 미국우주테크액티브,8025,5,-110,-1.35,8015.0,-20.0885,44042,354,1525,0180V0.KS,EQUITY,OTHER,RISK,2026-09-28
0151P0,2,RISE 코리아전략산업액티브,15180,5,-170,-1.11,15183.0,-19.4497,25706,392,1495,0151P0.KS,EQUITY,OTHER,RISK,2026-09-28
458210,7,KIWOOM CD금리액티브(합성),110805,5,-40,-0.04,110793.0,0.7865,384,42,1488,458210.KS,DEFENSIVE,BOND,SAFE,2026-09-28
138520,2,TIGER 삼성그룹,36680,5,-220,-0.6,36691.0,-10.6538,2848,105,1482,138520.KS,EQUITY,OTHER,RISK,2026-09-28
219480,4,KODEX 미국S&P500선물(H),33285,5,-200,-0.6,33285.0,4.7715,406,13,1481,219480.KS,EQUITY,OTHER,RISK,2026-09-28
0104H0,7,KoAct 미국나스닥채권혼합50액티브,12000,2,30,0.25,12007.0,-11.0699,13266,159,1464,0104H0.KS,DEFENSIVE,BOND,HEDGE,2026-09-28
438560,6,SOL 국고채3년,100060,5,-290,-0.29,100057.0,0.3801,6,0,1463,438560.KS,DEFENSIVE,BOND,HEDGE,2026-09-28
0051G0,4,SOL 미국원자력SMR,11805,5,-530,-4.3,11780.0,-22.397,49124,580,1458,0051G0.KS,EQUITY,OTHER,RISK,2026-09-28
491610,6,1Q CD금리액티브(합성),105092,2,12,0.01,105074.0,0.7671,557,58,1453,491610.KS,DEFENSIVE,BOND,SAFE,2026-09-28
471760,2,TIGER AI반도체핵심공정,15700,2,295,1.91,15735.0,-13.8905,269144,4243,1452,471760.KS,EQUITY,SEMICONDUCTOR,RISK,2026-09-28
0127M0,4,ACE 미국대형가치주액티브,11960,5,-80,-0.66,12038.0,-9.5924,1164,13,1435,0127M0.KS,EQUITY,OTHER,RISK,2026-09-28
481180,4,SOL 미국AI소프트웨어,16585,5,-5,-0.03,16606.0,17.5761,16863,280,1418,481180.KS,EQUITY,AI_TECH,RISK,2026-09-28
0041E0,4,KODEX 미국S&P500액티브,16260,5,-85,-0.52,16302.0,-13.3882,16893,274,1415,0041E0.KS,EQUITY,OTHER,RISK,2026-09-28
498180,6,파워 종합채권(AA-이상)액티브,93395,3,0,0.0,92858.0,-0.4,0,0,1407,498180.KS,DEFENSIVE,BOND,HEDGE,2026-09-28
457990,2,PLUS 태양광&ESS,36530,2,2355,6.89,36643.0,-5.0959,200909,7267,1406,457990.KS,EQUITY,OTHER,RISK,2026-09-28
0048K0,4,KODEX 차이나휴머노이드로봇,7855,5,-95,-1.19,7882.0,-26.7939,73760,579,1406,0048K0.KS,EQUITY,AI_TECH,RISK,2026-09-28
143860,2,TIGER 헬스케어,35200,2,760,2.21,35205.0,-7.0697,6487,228,1401,143860.KS,EQUITY,BIO_HEALTHCARE,RISK,2026-09-28
0199C0,2,ACE 고배당주Plus커버드콜액티브,9175,5,-15,-0.16,9183.0,1.132,183523,1683,1390,0199C0.KS,EQUITY,DIVIDEND,RISK,2026-09-28
495330,1,1Q 코리아밸류업,32240,5,-430,-1.32,32279.0,-14.6244,263,8,1386,495330.KS,EQUITY,OTHER,RISK,2026-09-28
245340,4,TIGER 미국다우존스30,34185,5,-175,-0.51,34302.0,-10.4679,5965,203,1381,245340.KS,EQUITY,OTHER,RISK,2026-09-28
0131W0,6,1Q 단기특수은행채액티브,102315,2,15,0.01,102311.0,0.7435,3,0,1380,0131W0.KS,EQUITY,BANK_FINANCE,RISK,2026-09-28
451530,6,TIGER 국고채30년스트립액티브,34390,5,-910,-2.58,34167.0,-7.1298,19617,672,1358,451530.KS,DEFENSIVE,BOND,HEDGE,2026-09-28
476030,4,SOL 미국나스닥100,17405,5,-130,-0.74,17442.0,-8.5188,63335,1104,1358,476030.KS,EQUITY,OTHER,RISK,2026-09-28
139220,2,TIGER 200 건설,7985,2,65,0.82,8008.0,0.5076,112895,887,1354,139220.KS,EQUITY,BROAD_MARKET,RISK,2026-09-28
0092B0,2,SOL 한국원자력SMR,16085,2,200,1.26,16132.0,0.7611,44809,711,1335,0092B0.KS,EQUITY,OTHER,RISK,2026-09-28
463680,4,KODEX 미국S&P500테크놀로지,23040,5,-60,-0.26,23061.0,-7.1236,8915,205,1325,463680.KS,EQUITY,OTHER,RISK,2026-09-28
0091M0,6,HANARO 27-06 회사채(AA-이상)액티브,10165,2,5,0.05,10167.0,0.594,5,0,1304,0091M0.KS,EQUITY,OTHER,RISK,2026-09-28
411420,4,KODEX 미국나스닥AI테크액티브,27360,5,-235,-0.85,27422.0,-5.5286,3107,85,1300,411420.KS,EQUITY,AI_TECH,RISK,2026-09-28
0181B0,4,HANARO 미국AI메모리반도체TOP4+,10125,5,-230,-2.22,10199.0,-25.3694,59396,603,1286,0181B0.KS,EQUITY,SEMICONDUCTOR,RISK,2026-09-28
325010,2,KODEX 성장주,44300,5,-415,-0.93,44362.0,-16.3972,415,18,1285,325010.KS,EQUITY,OTHER,RISK,2026-09-28
0074K0,2,KoAct K수출핵심기업TOP30액티브,17175,2,105,0.62,17202.0,-17.0957,5217,89,1271,0074K0.KS,EQUITY,OTHER,RISK,2026-09-28
461500,6,HANARO 종합채권(AA-이상)액티브,104280,5,-840,-0.8,104545.0,-0.1568,19,1,1265,461500.KS,DEFENSIVE,BOND,HEDGE,2026-09-28
463290,6,1Q 단기금융채액티브,109470,2,20,0.02,109461.0,0.7966,71,7,1263,463290.KS,EQUITY,BANK_FINANCE,RISK,2026-09-28
448100,1,WON 200,114675,5,-1375,-1.18,114693.0,-15.3493,2583,298,1261,448100.KS,EQUITY,BROAD_MARKET,RISK,2026-09-28
304660,6,KODEX 미국30년국채울트라선물(H),6975,5,-265,-3.66,6978.0,-3.9151,17989,125,1242,304660.KS,DEFENSIVE,BOND,HEDGE,2026-09-28
0123G0,4,TIGER 미국AI전력SMR,5995,5,-185,-2.99,5982.0,-24.8176,52614,315,1235,0123G0.KS,EQUITY,AI_TECH,RISK,2026-09-28
0000Y0,6,HK 26-12 회사채(AA-이상)액티브,102055,3,0,0.0,102066.0,0.7801,0,0,1235,0000Y0.KS,EQUITY,OTHER,RISK,2026-09-28
447620,7,SOL 미국TOP5채권혼합50,15830,5,-65,-0.41,15857.0,1.3065,22885,364,1235,447620.KS,DEFENSIVE,BOND,HEDGE,2026-09-28
192090,4,TIGER 차이나CSI300,11860,5,-190,-1.58,11889.0,-18.5536,7690,91,1228,192090.KS,EQUITY,OTHER,RISK,2026-09-28
377990,2,TIGER Fn신재생에너지,24715,2,935,3.93,24777.0,-12.9003,29169,718,1223,377990.KS,EQUITY,ENERGY,RISK,2026-09-28
328370,1,PLUS 코스피TR,39445,5,-160,-0.4,39311.0,-14.8005,1,0,1223,328370.KS,EQUITY,BROAD_MARKET,RISK,2026-09-28
438570,6,SOL 국고채10년,97065,5,-1055,-1.08,97128.0,-0.4869,23,2,1211,438570.KS,DEFENSIVE,BOND,HEDGE,2026-09-28
114820,6,TIGER 국채3년,104710,5,-265,-0.25,104718.0,0.3393,397,41,1202,114820.KS,DEFENSIVE,BOND,HEDGE,2026-09-28
0197X0,2,SOL SK하이닉스선물단일종목인버스2X,5740,2,300,5.51,5731.0,-37.0735,3732583,21148,1198,0197X0.KS,EXCLUDED,OTHER,HEDGE,2026-09-28
332940,1,HANARO MSCI Korea TR,49900,5,-555,-1.1,49817.0,-15.3298,50,2,1198,332940.KS,EQUITY,OTHER,RISK,2026-09-28
491230,6,PLUS 국공채머니마켓액티브,52610,2,5,0.01,52602.0,0.8628,98,5,1194,491230.KS,DEFENSIVE,BOND,SAFE,2026-09-28
0184L0,6,PLUS 중기종합채권(A-이상)액티브,100370,5,-265,-0.26,100422.0,0.7256,10,1,1191,0184L0.KS,DEFENSIVE,BOND,HEDGE,2026-09-28
0209D0,2,KODEX 전고체배터리ESS TOP2플러스,8230,2,345,4.38,8245.0,-8.1003,489682,3989,1189,0209D0.KS,EQUITY,OTHER,RISK,2026-09-28
469170,2,ACE 포스코그룹포커스,5855,2,75,1.3,5876.0,2.1368,129887,754,1189,469170.KS,EQUITY,OTHER,RISK,2026-09-28
0168K0,2,TIGER 기술이전바이오액티브,5570,2,100,1.83,5587.0,-19.7948,597131,3315,1188,0168K0.KS,EQUITY,BIO_HEALTHCARE,RISK,2026-09-28
399110,4,SOL 미국S&P500ESG,20590,5,-100,-0.48,20578.0,-7.8663,6423,132,1174,399110.KS,EQUITY,OTHER,RISK,2026-09-28
251340,3,KODEX 코스닥150선물인버스,2355,5,-30,-1.26,2354.0,1.2738,13140163,31146,1166,251340.KS,EXCLUDED,BROAD_MARKET,HEDGE,2026-09-28
0085P0,6,ACE 미국10년국채액티브,9395,5,-150,-1.57,9413.0,-13.5368,146500,1376,1165,0085P0.KS,DEFENSIVE,BOND,HEDGE,2026-09-28
0135Y0,6,IBK 중기종합채권(AA-이상)액티브,100080,5,-215,-0.21,100101.0,0.4959,8,0,1158,0135Y0.KS,DEFENSIVE,BOND,HEDGE,2026-09-28
326240,2,RISE IT플러스,45410,5,-250,-0.55,45523.0,-15.5774,2636,120,1153,326240.KS,EQUITY,OTHER,RISK,2026-09-28
182480,7,TIGER 미국MSCI리츠(합성 H),13035,5,-205,-1.55,13083.0,-2.7839,3981,51,1147,182480.KS,EQUITY,OTHER,RISK,2026-09-28
319640,4,TIGER 골드선물(H),24870,5,-550,-2.16,24885.0,3.7762,3383,84,1144,319640.KS,REAL_ASSET,GOLD,HEDGE,2026-09-28
304940,4,KODEX 미국나스닥100선물(H),33525,5,-245,-0.73,33620.0,2.8945,241,8,1140,304940.KS,EQUITY,OTHER,RISK,2026-09-28
367770,2,RISE 수소경제테마,22020,2,325,1.5,22052.0,-13.4624,3909,85,1134,367770.KS,EQUITY,OTHER,RISK,2026-09-28
0000J0,2,PLUS 한화그룹주,28300,2,795,2.89,28386.0,-9.8197,32331,908,1132,0000J0.KS,EQUITY,OTHER,RISK,2026-09-28
0036R0,4,RISE 미국휴머노이드로봇,20125,5,-90,-0.45,20154.0,-12.423,2223,44,1127,0036R0.KS,EQUITY,AI_TECH,RISK,2026-09-28
0191W0,6,HANARO 중기종합채권(A-이상)액티브,100890,3,0,0.0,100707.0,0.6584,0,0,1122,0191W0.KS,DEFENSIVE,BOND,HEDGE,2026-09-28
0174B0,7,KoAct 글로벌AI메모리반도체액티브,15170,5,-15,-0.1,15236.0,-21.9481,22708,346,1115,0174B0.KS,EQUITY,SEMICONDUCTOR,RISK,2026-09-28
266370,2,KODEX IT,71840,5,-130,-0.18,72000.0,-18.3088,11913,862,1114,266370.KS,EQUITY,OTHER,RISK,2026-09-28
488500,4,TIGER 미국S&P500동일가중,12085,5,-130,-1.06,12108.0,-9.2455,11686,141,1094,488500.KS,EQUITY,OTHER,RISK,2026-09-28
476850,1,KoAct 배당성장액티브,22230,5,-270,-1.2,22209.0,-8.6747,27301,608,1089,476850.KS,EQUITY,DIVIDEND,RISK,2026-09-28
0162L0,4,KODEX 차이나AI반도체TOP10,13150,5,-440,-3.24,13162.0,-27.8261,160695,2118,1085,0162L0.KS,EQUITY,SEMICONDUCTOR,RISK,2026-09-28
309230,4,ACE 미국WideMoat동일가중,29360,5,-405,-1.36,29449.0,-3.5844,2831,82,1080,309230.KS,EQUITY,OTHER,RISK,2026-09-28
0221V0,6,IBK 초단기채권액티브,100685,2,5,0.0,100694.0,0.0,118,11,1076,0221V0.KS,DEFENSIVE,BOND,SAFE,2026-09-28
455860,2,SOL 2차전지소부장Fn,4455,2,100,2.3,4467.0,-12.1976,88515,390,1076,455860.KS,EQUITY,OTHER,RISK,2026-09-28
496090,1,KIWOOM 코리아밸류업,32505,5,-270,-0.82,32480.0,-14.8906,11,0,1073,496090.KS,EQUITY,OTHER,RISK,2026-09-28
372330,4,KODEX 차이나항셍테크,6415,5,-20,-0.31,6384.0,-12.5889,6928,44,1071,372330.KS,EQUITY,OTHER,RISK,2026-09-28
0193M0,6,BNK 27-12 특수채(AAA이상)액티브,50375,3,0,0.0,50365.0,0.75,20,1,1065,0193M0.KS,EQUITY,OTHER,RISK,2026-09-28
464930,4,TIGER 글로벌혁신블루칩TOP10,20610,5,-10,-0.05,20635.0,-4.515,1193,24,1061,464930.KS,EQUITY,OTHER,RISK,2026-09-28
0132K0,7,PLUS 테슬라위클리커버드콜채권혼합,7945,5,-35,-0.44,7964.0,-3.2828,14007,111,1061,0132K0.KS,DEFENSIVE,BOND,HEDGE,2026-09-28
0137V0,4,KIWOOM 미국S&P500모멘텀,11690,2,25,0.21,11615.0,-14.7724,21647,252,1058,0137V0.KS,EQUITY,OTHER,RISK,2026-09-28
0138Y0,7,PLUS 금채권혼합,9560,5,-110,-1.14,9618.0,-3.2517,27249,260,1052,0138Y0.KS,DEFENSIVE,BOND,HEDGE,2026-09-28
464310,4,TIGER 글로벌AI&로보틱스 INDXX,13405,2,35,0.26,13378.0,-15.912,3415,45,1046,464310.KS,EQUITY,AI_TECH,RISK,2026-09-28
203780,4,TIGER 미국나스닥바이오,34845,5,-420,-1.19,34882.0,6.0123,11371,395,1045,203780.KS,EQUITY,BIO_HEALTHCARE,RISK,2026-09-28
0080Y0,2,SOL 조선TOP3플러스레버리지,8070,2,90,1.13,8049.0,-42.5693,106092,850,1033,0080Y0.KS,EXCLUDED,OTHER,HEDGE,2026-09-28
168580,4,ACE 중국본토CSI300,33065,5,-350,-1.05,32890.0,-17.7477,153,5,1032,168580.KS,EQUITY,OTHER,RISK,2026-09-28
0008T0,2,SOL 화장품TOP3플러스,17465,2,70,0.4,17495.0,32.7355,233216,4103,1030,0008T0.KS,EQUITY,OTHER,RISK,2026-09-28
465610,4,ACE 미국빅테크TOP7 Plus레버리지(합성),42630,5,-825,-1.9,42742.0,-0.0575,638,27,1023,465610.KS,EXCLUDED,AI_TECH,HEDGE,2026-09-28
475050,2,ACE KPOP포커스,6875,2,50,0.73,6886.0,-6.5069,282362,1933,1021,475050.KS,EQUITY,OTHER,RISK,2026-09-28
0122W0,6,RISE 26-11 회사채(AA-이상)액티브,51100,3,0,0.0,51094.0,0.8088,24,1,1019,0122W0.KS,EQUITY,OTHER,RISK,2026-09-28
0177X0,2,ACE K휴머노이드로봇산업TOP2+,9765,2,25,0.26,9780.0,-4.4161,54398,527,1006,0177X0.KS,EQUITY,AI_TECH,RISK,2026-09-28
394660,4,TIGER 글로벌자율주행&전기차SOLACTIVE,15185,5,-155,-1.01,15221.0,-22.8371,629,9,996,394660.KS,EQUITY,OTHER,RISK,2026-09-28
458030,6,WON 국공채머니마켓액티브,55160,2,5,0.01,55151.0,0.7857,76,4,993,458030.KS,DEFENSIVE,BOND,SAFE,2026-09-28
0142D0,4,TIGER 미국AI데이터센터TOP4Plus,10465,5,-390,-3.59,10498.0,-21.568,45074,473,984,0142D0.KS,EQUITY,AI_TECH,RISK,2026-09-28
114100,6,RISE 국고채3년,105620,5,-320,-0.3,105645.0,0.3812,15,1,977,114100.KS,DEFENSIVE,BOND,HEDGE,2026-09-28
486240,2,DAISHIN AI반도체&인프라액티브,31050,2,90,0.29,30942.0,-11.5303,477,14,963,486240.KS,EQUITY,SEMICONDUCTOR,RISK,2026-09-28
195980,4,PLUS 신흥국MSCI(합성 H),15440,5,-120,-0.77,15434.0,1.1046,2931,45,948,195980.KS,EQUITY,OTHER,RISK,2026-09-28
473440,6,ACE 11월만기자동연장회사채AA-이상액티브,10870,2,5,0.05,10872.0,0.882,498,5,946,473440.KS,EQUITY,OTHER,RISK,2026-09-28
433970,7,KODEX TDF2030액티브 적격,13885,5,-80,-0.57,13879.0,-4.3293,9602,133,944,433970.KS,EQUITY,OTHER,RISK,2026-09-28
0035T0,7,PLUS 글로벌휴머노이드로봇액티브,19465,2,165,0.85,19473.0,-16.0688,3030,59,944,0035T0.KS,EQUITY,AI_TECH,RISK,2026-09-28
479620,4,SOL 미국AI반도체칩메이커,27310,5,-250,-0.91,27294.0,-14.8463,2418,66,942,479620.KS,EQUITY,SEMICONDUCTOR,RISK,2026-09-28
0176E0,4,RISE 미국AI전력인프라액티브,9855,2,160,1.65,9835.0,-29.1561,1352,13,936,0176E0.KS,EQUITY,AI_TECH,RISK,2026-09-28
298770,4,KODEX 한국대만IT프리미어,84260,5,-900,-1.06,84634.0,-13.419,4885,415,927,298770.KS,EQUITY,OTHER,RISK,2026-09-28
453080,4,KIWOOM 미국나스닥100(H),23670,5,-170,-0.71,23717.0,2.6363,3976,94,923,453080.KS,EQUITY,OTHER,RISK,2026-09-28
475310,2,SOL 반도체후공정,29700,5,-65,-0.22,29737.0,-1.8952,138183,4088,921,475310.KS,EQUITY,SEMICONDUCTOR,RISK,2026-09-28
475280,6,ACE 8월만기자동연장회사채AA-이상액티브,10745,3,0,0.0,10745.0,0.7501,0,0,915,475280.KS,EQUITY,OTHER,RISK,2026-09-28
308620,6,KODEX 미국10년국채선물,11025,5,-145,-1.3,11024.0,-13.6786,12211,134,915,308620.KS,DEFENSIVE,BOND,HEDGE,2026-09-28
454320,2,HANARO CAPEX설비투자iSelect,42520,2,130,0.31,42536.0,-5.3161,114,4,914,454320.KS,EQUITY,OTHER,RISK,2026-09-28
143850,4,TIGER 미국S&P500선물(H),77600,5,-580,-0.74,77607.0,4.1983,265,20,912,143850.KS,EQUITY,OTHER,RISK,2026-09-28
325020,2,KODEX 배당가치,29400,3,0,0.0,29403.0,-0.2461,1608,47,911,325020.KS,EQUITY,DIVIDEND,RISK,2026-09-28
0052T0,6,1Q 중단기회사채(A-이상)액티브,50745,2,10,0.02,50794.0,0.7746,1,0,908,0052T0.KS,EQUITY,OTHER,RISK,2026-09-28
269540,4,PLUS 미국S&P500(H),30140,5,-195,-0.64,30212.0,2.8305,36589,1103,904,269540.KS,EQUITY,OTHER,RISK,2026-09-28
0007N0,1,아이엠에셋 200,112015,5,-1730,-1.52,112075.0,-14.8379,11,1,896,0007N0.KS,EQUITY,BROAD_MARKET,RISK,2026-09-28
261270,7,KODEX 미국달러선물인버스,8240,3,0,0.0,8242.0,13.6551,10291,84,894,261270.KS,EXCLUDED,USD,HEDGE,2026-09-28
0066W0,5,SOL 국제금,12185,5,-250,-2.01,12335.0,-7.3398,19799,241,890,0066W0.KS,EQUITY,OTHER,RISK,2026-09-28
444490,4,WON 미국S&P500,19970,5,-130,-0.65,20025.0,-7.2023,14589,291,889,444490.KS,EQUITY,OTHER,RISK,2026-09-28
468380,6,KODEX iShares미국하이일드액티브,10545,5,-150,-1.4,10560.0,-11.5338,6198,65,879,468380.KS,EQUITY,OTHER,RISK,2026-09-28
453330,4,RISE 미국S&P500(H),18260,5,-115,-0.63,18298.0,5.0569,10411,190,876,453330.KS,EQUITY,OTHER,RISK,2026-09-28
211900,2,KODEX 코리아배당성장,27790,2,90,0.32,27826.0,1.1721,889,24,875,211900.KS,EQUITY,DIVIDEND,RISK,2026-09-28
469060,4,RISE 미국반도체NYSE,37250,2,35,0.09,37320.0,-19.5255,11459,429,875,469060.KS,EQUITY,SEMICONDUCTOR,RISK,2026-09-28
495040,1,PLUS 코리아밸류업,32390,2,45,0.14,32164.0,-14.4067,40,1,875,495040.KS,EQUITY,OTHER,RISK,2026-09-28
329670,7,KODEX TRF7030,21785,5,-50,-0.23,21791.0,-6.5103,3800,82,871,329670.KS,EQUITY,OTHER,RISK,2026-09-28
460960,7,ACE 글로벌인컴TOP10,10610,5,-175,-1.62,10603.0,-10.6852,171039,1826,838,460960.KS,EQUITY,OTHER,RISK,2026-09-28
359210,1,KODEX 코스피TR,36300,5,-345,-0.94,36338.0,-14.1502,903,32,835,359210.KS,EQUITY,BROAD_MARKET,RISK,2026-09-28
0198A0,2,KIWOOM 코스닥150커버드콜액티브,8880,2,140,1.6,8867.0,0.0,287272,2535,835,0198A0.KS,EQUITY,BROAD_MARKET,RISK,2026-09-28
485690,4,RISE 미국AI밸류체인TOP3Plus,22845,5,-220,-0.95,22823.0,-6.3278,2422,55,834,485690.KS,EQUITY,AI_TECH,RISK,2026-09-28
329660,7,KODEX TRF5050,17625,5,-90,-0.51,17702.0,-4.3578,2433,43,828,329660.KS,EQUITY,OTHER,RISK,2026-09-28
461460,6,PLUS 국고채10년액티브,50700,5,-590,-1.15,50723.0,-0.543,91,4,822,461460.KS,DEFENSIVE,BOND,HEDGE,2026-09-28
337140,2,KODEX 코스피대형주,37100,5,-350,-0.93,37133.0,-15.3224,1209,45,816,337140.KS,EQUITY,BROAD_MARKET,RISK,2026-09-28
429760,4,PLUS 미국S&P500,19350,5,-130,-0.67,19399.0,-7.0951,7881,152,813,429760.KS,EQUITY,OTHER,RISK,2026-09-28
449770,4,KIWOOM 미국S&P500,20835,5,-75,-0.36,20885.0,-7.3442,1361,28,813,449770.KS,EQUITY,OTHER,RISK,2026-09-28
0017Y0,6,1Q 종합채권(AA-이상)액티브,93375,5,-705,-0.75,93518.0,-0.1592,24,2,811,0017Y0.KS,DEFENSIVE,BOND,HEDGE,2026-09-28
108450,2,ACE 삼성그룹섹터가중,40465,5,-15,-0.04,40424.0,-9.6026,94,3,809,108450.KS,EQUITY,OTHER,RISK,2026-09-28
0225V0,4,KODEX 미국CPU반도체TOP10,12370,5,-195,-1.55,12407.0,0.0,228676,2840,804,0225V0.KS,EQUITY,SEMICONDUCTOR,RISK,2026-09-28
0018C0,2,PLUS 고배당주위클리고정커버드콜,10470,2,35,0.34,10486.0,7.9033,25896,270,801,0018C0.KS,EQUITY,DIVIDEND,RISK,2026-09-28
138530,2,TIGER LG그룹플러스,12330,2,300,2.49,12343.0,-0.5786,85751,1055,799,138530.KS,EQUITY,OTHER,RISK,2026-09-28
495750,1,HANARO 코리아밸류업,32400,5,-280,-0.86,32419.0,-14.7089,27,0,794,495750.KS,EQUITY,OTHER,RISK,2026-09-28
0057H0,7,PLUS 미국S&P500미국채혼합50액티브,11500,5,-150,-1.29,11513.0,-8.1842,31808,366,794,0057H0.KS,DEFENSIVE,BOND,HEDGE,2026-09-28
0049M0,4,ACE 미국배당퀄리티+커버드콜액티브,11085,3,0,0.0,11118.0,-8.9799,18645,205,781,0049M0.KS,EQUITY,DIVIDEND,RISK,2026-09-28
0098N0,2,PLUS 자사주매입고배당주,12970,2,115,0.89,12972.0,9.1944,14342,185,778,0098N0.KS,EQUITY,DIVIDEND,RISK,2026-09-28
365040,1,TIGER AI코리아그로스액티브,37000,5,-490,-1.31,36948.0,-12.7633,1000,37,777,365040.KS,EQUITY,AI_TECH,RISK,2026-09-28
210780,2,TIGER 코스피고배당,23310,2,170,0.73,23346.0,6.2024,10764,251,769,210780.KS,EQUITY,DIVIDEND,RISK,2026-09-28
490480,2,SOL K방산,28115,2,430,1.55,28155.0,-14.6184,9493,263,759,490480.KS,EQUITY,OTHER,RISK,2026-09-28
0238F0,4,KODEX 미국AI메모리TOP2플러스,10790,5,-230,-2.09,10889.0,0.0,81837,888,755,0238F0.KS,EQUITY,AI_TECH,RISK,2026-09-28
228810,2,TIGER 미디어컨텐츠,3060,2,30,0.99,3064.0,-8.5973,48712,148,750,228810.KS,EQUITY,OTHER,RISK,2026-09-28
272910,6,ACE 중장기국공채액티브,105600,5,-410,-0.39,105582.0,0.4977,1,0,748,272910.KS,EQUITY,OTHER,RISK,2026-09-28
0080X0,7,SOL 미국S&P500미국채혼합50,10655,5,-65,-0.61,10666.0,-10.8218,51564,551,746,0080X0.KS,DEFENSIVE,BOND,HEDGE,2026-09-28
364960,2,TIGER BBIG,6240,2,165,2.72,6257.0,-4.7806,14019,85,743,364960.KS,EQUITY,OTHER,RISK,2026-09-28
0240J0,2,RISE 삼성SK그룹,10605,5,-215,-1.99,10623.0,0.0,112183,1206,742,0240J0.KS,EQUITY,OTHER,RISK,2026-09-28
292190,1,KODEX KRX300,49275,5,-725,-1.45,49215.0,-14.6844,1777,88,739,292190.KS,EQUITY,OTHER,RISK,2026-09-28
157490,2,TIGER 소프트웨어,7950,2,90,1.15,7960.0,-4.1464,5076,40,738,157490.KS,EQUITY,OTHER,RISK,2026-09-28
412770,4,TIGER 글로벌AI플랫폼액티브,12870,5,-25,-0.19,12768.0,-21.5156,1963,25,737,412770.KS,EQUITY,AI_TECH,RISK,2026-09-28
0210E0,2,PLUS 200커버드콜액티브,7500,5,-95,-1.25,7502.0,-16.0571,119231,900,728,0210E0.KS,EQUITY,BROAD_MARKET,RISK,2026-09-28
475350,4,RISE 버크셔포트폴리오TOP10,14245,5,-60,-0.42,14259.0,-5.6828,7292,103,726,475350.KS,EQUITY,OTHER,RISK,2026-09-28
298340,6,PLUS 국채선물3년,56265,5,-200,-0.35,56302.0,0.6147,6,0,725,298340.KS,DEFENSIVE,BOND,HEDGE,2026-09-28
204480,4,TIGER 차이나CSI300레버리지(합성),22090,5,-775,-3.39,22113.0,-35.9345,709,15,720,204480.KS,EXCLUDED,OTHER,HEDGE,2026-09-28
0102A0,4,TIGER 미국AI소프트웨어TOP4Plus,8775,5,-75,-0.85,8803.0,12.1673,22855,200,715,0102A0.KS,EQUITY,AI_TECH,RISK,2026-09-28
0098Z0,1,FOCUS 200,94955,5,-1815,-1.88,95345.0,-14.8991,251,23,712,0098Z0.KS,EQUITY,BROAD_MARKET,RISK,2026-09-28
0022T0,4,SOL 국제금커버드콜액티브,12485,5,-280,-2.19,12645.0,-7.5702,56967,713,712,0022T0.KS,EQUITY,OTHER,RISK,2026-09-28
441540,2,HANARO Fn조선해운,26305,2,210,0.8,26351.0,-9.045,4890,128,710,441540.KS,EQUITY,OTHER,RISK,2026-09-28
0190Y0,4,TIGER 구글밸류체인,8605,5,-105,-1.21,8621.0,-17.1476,10420,89,697,0190Y0.KS,EQUITY,OTHER,RISK,2026-09-28
266420,2,KODEX 헬스케어,16010,2,420,2.69,15987.0,-7.4778,4967,79,688,266420.KS,EQUITY,BIO_HEALTHCARE,RISK,2026-09-28
211560,2,TIGER 배당성장,34760,2,60,0.17,34856.0,0.7777,2145,74,688,211560.KS,EQUITY,DIVIDEND,RISK,2026-09-28
228800,2,TIGER 여행레저,2670,2,35,1.33,2667.0,-4.0073,15132,40,687,228800.KS,EQUITY,OTHER,RISK,2026-09-28
0233A0,7,ACE 삼성전자SK하이닉스플러스채권혼합50,10730,5,-115,-1.06,10770.0,0.0,196614,2131,687,0233A0.KS,DEFENSIVE,BOND,HEDGE,2026-09-28
473640,4,HANARO 글로벌금채굴기업,32675,5,-1525,-4.46,32896.0,7.21,7400,242,686,473640.KS,EQUITY,OTHER,RISK,2026-09-28
465330,2,RISE 2차전지TOP10,11560,2,385,3.45,11598.0,-0.9748,26687,306,685,465330.KS,EQUITY,OTHER,RISK,2026-09-28
491700,1,HK 200,114095,3,0,0.0,112451.0,-15.2435,0,0,685,491700.KS,EQUITY,BROAD_MARKET,RISK,2026-09-28
130730,6,KIWOOM 단기자금,103145,5,-5,0.0,103143.0,0.6832,1753,180,681,130730.KS,EQUITY,OTHER,RISK,2026-09-28
492500,7,1Q 현대차그룹채권(A+이상)&국고통안,51290,5,-55,-0.11,51281.0,0.5877,14,0,678,492500.KS,DEFENSIVE,BOND,HEDGE,2026-09-28
433880,7,PLUS TDF2060액티브 적격,18465,5,-85,-0.46,18380.0,-8.1981,3452,63,674,433880.KS,EQUITY,OTHER,RISK,2026-09-28
0113D0,4,TIME 글로벌탑픽액티브,11797,5,-93,-0.78,11820.0,-7.6147,6677,78,672,0113D0.KS,EQUITY,OTHER,RISK,2026-09-28
278620,6,PLUS 단기채권액티브,119150,3,0,0.0,119159.0,0.8293,7,0,667,278620.KS,DEFENSIVE,BOND,SAFE,2026-09-28
277640,2,TIGER 코스피대형주,38360,5,-430,-1.11,38387.0,-15.4552,1037,39,652,277640.KS,EQUITY,BROAD_MARKET,RISK,2026-09-28
453950,4,TIGER TSMC파운드리밸류체인,33230,2,240,0.73,33404.0,-22.9926,1074,35,648,453950.KS,EQUITY,OTHER,RISK,2026-09-28
458750,4,TIGER 미국배당다우존스타겟커버드콜1호,12385,5,-135,-1.08,12399.0,-6.0805,13284,164,644,458750.KS,EQUITY,DIVIDEND,RISK,2026-09-28
306950,3,KODEX KRX300레버리지,80030,5,-1670,-2.04,80225.0,-39.014,159,12,640,306950.KS,EXCLUDED,OTHER,HEDGE,2026-09-28
252400,3,RISE 200선물레버리지,106000,5,-2435,-2.25,105363.0,-37.1519,88,9,636,252400.KS,EXCLUDED,BROAD_MARKET,HEDGE,2026-09-28
261240,7,KODEX 미국달러선물,14055,2,5,0.04,14059.0,-11.1603,26056,366,632,261240.KS,DEFENSIVE,USD,HEDGE,2026-09-28
0123S0,2,HANARO 26-12 은행채(AA+이상)액티브,10200,3,0,0.0,10208.0,0.691,64,0,632,0123S0.KS,EQUITY,BANK_FINANCE,RISK,2026-09-28
0222D0,2,KoAct 고배당액티브,10305,2,70,0.68,10328.0,0.0,37892,390,629,0222D0.KS,EQUITY,DIVIDEND,RISK,2026-09-28
418670,4,TIGER 글로벌AI사이버보안,18410,5,-795,-4.14,18335.0,27.2697,47690,877,626,418670.KS,EQUITY,AI_TECH,RISK,2026-09-28
292770,6,KODEX 국채선물3년인버스,58025,3,0,0.0,58194.0,0.6941,0,0,623,292770.KS,EXCLUDED,BOND,HEDGE,2026-09-28
419890,6,KIWOOM 단기채권ESG액티브,107440,5,-80,-0.07,107432.0,0.6694,3207,344,623,419890.KS,DEFENSIVE,BOND,SAFE,2026-09-28
140700,2,KODEX 보험,20720,2,170,0.83,20760.0,5.4505,9742,201,622,140700.KS,EQUITY,BANK_FINANCE,RISK,2026-09-28
495940,4,RISE 미국AI테크액티브,19625,5,-250,-1.26,19669.0,-13.9606,2820,55,618,495940.KS,EQUITY,AI_TECH,RISK,2026-09-28
0115E0,2,KODEX 코리아소버린AI,14200,2,170,1.21,14235.0,-3.7037,5420,77,618,0115E0.KS,EQUITY,AI_TECH,RISK,2026-09-28
455660,6,ACE 미국하이일드액티브(H),9245,5,-130,-1.39,9253.0,-0.0037,7624,70,610,455660.KS,EQUITY,OTHER,RISK,2026-09-28
0166S0,2,PLUS K제조업핵심기업액티브,11570,5,-145,-1.24,11603.0,-14.8929,3824,44,607,0166S0.KS,EQUITY,OTHER,RISK,2026-09-28
0181L0,4,SOL 미국우주항공TOP10,7290,5,-75,-1.02,7279.0,-17.5252,33650,245,605,0181L0.KS,EQUITY,OTHER,RISK,2026-09-28
453640,4,KODEX 미국S&P500헬스케어,14020,2,20,0.14,14043.0,1.9076,5436,76,603,453640.KS,EQUITY,BIO_HEALTHCARE,RISK,2026-09-28
275980,4,TIGER 글로벌4차산업혁신기술(합성 H),23905,2,65,0.27,23931.0,-1.345,33,0,598,275980.KS,EQUITY,OTHER,RISK,2026-09-28
0040S0,4,HANARO 글로벌피지컬AI액티브,23900,2,100,0.42,23918.0,-21.4781,1468,35,598,0040S0.KS,EQUITY,AI_TECH,RISK,2026-09-28
440640,6,ACE 단기채권알파액티브,112865,2,15,0.01,112862.0,0.8264,71,8,597,440640.KS,DEFENSIVE,BOND,SAFE,2026-09-28
491220,1,PLUS 200TR,132290,5,-1885,-1.4,132444.0,-14.9796,16,2,595,491220.KS,EQUITY,BROAD_MARKET,RISK,2026-09-28
480310,4,TIGER 글로벌온디바이스AI,22370,2,35,0.16,22363.0,-10.9132,4529,101,593,480310.KS,EQUITY,AI_TECH,RISK,2026-09-28
0172V0,5,1Q 은액티브,8080,5,-400,-4.72,8228.0,-5.8301,79209,642,586,0172V0.KS,EQUITY,OTHER,RISK,2026-09-28
278240,3,RISE 코스닥150선물레버리지,8140,2,255,3.23,8176.0,-30.4674,67876,540,577,278240.KS,EXCLUDED,BROAD_MARKET,HEDGE,2026-09-28
304780,3,HANARO 200선물레버리지,128045,5,-4220,-3.19,128322.0,-36.901,107,13,576,304780.KS,EXCLUDED,BROAD_MARKET,HEDGE,2026-09-28
225040,4,TIGER 미국S&P500레버리지(합성 H),68130,5,-915,-1.33,68479.0,8.6894,776,52,572,225040.KS,EXCLUDED,OTHER,HEDGE,2026-09-28
476750,6,ACE 미국30년국채엔화노출액티브(H),7050,5,-280,-3.82,7102.0,-14.1705,67498,476,571,476750.KS,DEFENSIVE,BOND,HEDGE,2026-09-28
442560,7,RISE TDF2040액티브 적격,16390,5,-55,-0.33,16325.0,-6.8562,5142,84,565,442560.KS,EQUITY,OTHER,RISK,2026-09-28
385590,2,ACE ESG액티브,24510,5,-170,-0.69,24467.0,-12.8685,4900,120,564,385590.KS,EQUITY,OTHER,RISK,2026-09-28
0226A0,7,PLUS SK하이닉스샌디스크채권혼합50,11245,5,-305,-2.64,11326.0,0.0,32515,368,562,0226A0.KS,DEFENSIVE,BOND,HEDGE,2026-09-28
434960,1,DAISHIN K200,112290,5,-1755,-1.54,112464.0,-14.9434,2667,301,561,434960.KS,EQUITY,AI_TECH,RISK,2026-09-28
479730,4,TIGER 인도빌리언컨슈머,9470,5,-60,-0.63,9465.0,-9.7931,1413,13,559,479730.KS,EQUITY,OTHER,RISK,2026-09-28
0000D0,7,TIGER 엔비디아미국채커버드콜밸런스(합성),8740,5,-230,-2.56,8747.0,-10.8516,12334,108,546,0000D0.KS,DEFENSIVE,BOND,HEDGE,2026-09-28
455960,6,RISE 미국달러SOFR금리액티브(합성),11925,2,45,0.38,11944.0,-10.6095,994,11,546,455960.KS,DEFENSIVE,USD,SAFE,2026-09-28
0141S0,2,SOL 조선기자재,8595,2,115,1.36,8604.0,-10.0266,15576,133,546,0141S0.KS,EQUITY,OTHER,RISK,2026-09-28
150460,2,TIGER 중국소비테마,7380,2,75,1.03,7394.0,7.9025,225,1,542,150460.KS,EQUITY,OTHER,RISK,2026-09-28
401470,2,KODEX 메타버스액티브,9395,2,50,0.54,9408.0,-7.4753,542,5,540,401470.KS,EQUITY,OTHER,RISK,2026-09-28
0041D0,4,KODEX 미국AI소프트웨어TOP10,14080,2,85,0.61,14111.0,15.2357,16418,231,535,0041D0.KS,EQUITY,AI_TECH,RISK,2026-09-28
261070,2,TIGER 코스닥150바이오테크,11460,2,620,5.72,11314.0,-21.6764,211829,2403,534,261070.KS,EQUITY,BIO_HEALTHCARE,RISK,2026-09-28
481430,6,RISE 국고채10년액티브,96920,5,-1080,-1.1,96967.0,-0.6942,277,26,530,481430.KS,DEFENSIVE,BOND,HEDGE,2026-09-28
0194T0,2,ACE SK하이닉스단일종목레버리지,9540,5,-565,-5.59,9575.0,-63.3013,10823,105,529,0194T0.KS,EXCLUDED,OTHER,HEDGE,2026-09-28
0046Y0,4,ACE 미국배당퀄리티,12310,5,-60,-0.49,12317.0,-7.7816,5134,63,529,0046Y0.KS,EQUITY,DIVIDEND,RISK,2026-09-28
0111J0,2,HANARO 증권고배당TOP3플러스,12025,5,-175,-1.43,12059.0,-13.8439,10255,123,529,0111J0.KS,EQUITY,BANK_FINANCE,RISK,2026-09-28
0238P0,7,TIGER 미국S&P500미국채혼합50,10165,2,15,0.15,10117.0,0.0,23276,236,527,0238P0.KS,DEFENSIVE,BOND,HEDGE,2026-09-28
253150,3,PLUS 200선물레버리지,209785,5,-7095,-3.27,210576.0,-37.689,3344,710,524,253150.KS,EXCLUDED,BROAD_MARKET,HEDGE,2026-09-28
101280,4,KODEX 일본TOPIX100,30485,2,135,0.44,30500.0,-5.5295,1199,36,524,101280.KS,EQUITY,OTHER,RISK,2026-09-28
275300,2,KODEX 우량주,30750,5,-365,-1.17,30755.0,-15.9281,283,8,523,275300.KS,EQUITY,OTHER,RISK,2026-09-28
0118Z0,4,ACE 미국AI테크핵심산업액티브,8720,5,-155,-1.75,8726.0,-11.867,953,8,519,0118Z0.KS,EQUITY,AI_TECH,RISK,2026-09-28
152500,3,ACE 레버리지,46610,5,-1400,-2.92,46658.0,-37.4626,4053,191,513,152500.KS,EXCLUDED,OTHER,HEDGE,2026-09-28
0220B0,1,DS 코스닥액티브,11645,2,30,0.26,11654.0,0.0,47842,555,512,0220B0.KS,EQUITY,OTHER,RISK,2026-09-28
287180,4,PLUS 미국나스닥테크,56890,5,-220,-0.39,56831.0,-10.8493,1420,80,512,287180.KS,EQUITY,OTHER,RISK,2026-09-28
0113P0,6,HK 머니마켓액티브,102640,2,15,0.01,102648.0,0.85,50,5,511,0113P0.KS,DEFENSIVE,BOND,SAFE,2026-09-28
445150,2,KODEX 친환경조선해운액티브,27575,2,325,1.19,27637.0,-10.1371,1086,29,510,445150.KS,EQUITY,OTHER,RISK,2026-09-28
0118S0,4,SOL 미국넥스트테크TOP10액티브,11075,5,-110,-0.98,11090.0,-21.2047,3011,33,509,0118S0.KS,EQUITY,OTHER,RISK,2026-09-28
0185L0,4,TIME 글로벌휴머노이드로봇산업액티브,7205,5,-20,-0.28,7191.0,-26.3507,4713,33,508,0185L0.KS,EQUITY,AI_TECH,RISK,2026-09-28
440910,4,WON 미국우주항공방산,22220,5,-190,-0.85,22295.0,-21.7665,2105,46,500,440910.KS,EQUITY,OTHER,RISK,2026-09-28
475260,6,ACE 2월만기자동연장회사채AA-이상액티브,10765,3,0,0.0,10768.0,0.8903,0,0,496,475260.KS,EQUITY,OTHER,RISK,2026-09-28
261220,5,KODEX WTI원유선물(H),27165,2,1070,4.1,27122.0,28.737,30959,842,496,261220.KS,REAL_ASSET,ENERGY,DIVERSIFIER,2026-09-28
360140,2,KODEX 200롱코스닥150숏선물,22485,5,-755,-3.25,22446.0,-7.355,8642,195,495,360140.KS,EQUITY,BROAD_MARKET,RISK,2026-09-28
473490,4,KIWOOM 글로벌AI반도체,32840,2,420,1.3,32826.0,-11.2822,614,20,493,473490.KS,EQUITY,SEMICONDUCTOR,RISK,2026-09-28
316670,1,KIWOOM 코스닥150,7175,2,120,1.7,7207.0,-11.2579,48040,342,492,316670.KS,EQUITY,BROAD_MARKET,RISK,2026-09-28
0139P0,2,ACE 고배당주,13300,2,25,0.19,13356.0,4.3583,1615,21,492,0139P0.KS,EQUITY,DIVIDEND,RISK,2026-09-28
140950,1,파워 코스피100,87585,5,-1315,-1.48,87560.0,-15.8268,46,4,490,140950.KS,EQUITY,BROAD_MARKET,RISK,2026-09-28
336160,6,RISE 금융채액티브,99850,5,-240,-0.24,99827.0,0.5136,2,0,488,336160.KS,EQUITY,BANK_FINANCE,RISK,2026-09-28
461340,4,HANARO 글로벌생성형AI액티브,44340,5,-340,-0.76,44373.0,-10.1729,254,11,488,461340.KS,EQUITY,AI_TECH,RISK,2026-09-28
292560,7,TIGER 일본엔선물,7990,2,5,0.06,7958.0,-8.7429,27646,220,487,292560.KS,EQUITY,OTHER,RISK,2026-09-28
218420,4,KODEX 미국S&P500에너지(합성),19780,2,235,1.2,19708.0,1.7174,5568,110,486,218420.KS,EQUITY,ENERGY,RISK,2026-09-28
442260,1,마이티 다이나믹퀀트액티브,39045,5,-255,-0.65,39022.0,-15.8729,156,6,484,442260.KS,EQUITY,OTHER,RISK,2026-09-28
0178H0,7,IBK 미국AI TOP10국채혼합50,10270,2,120,1.18,10233.0,2.374,4994,50,483,0178H0.KS,DEFENSIVE,AI_TECH,HEDGE,2026-09-28
0000Z0,2,RISE 바이오TOP10액티브,8250,2,135,1.66,8280.0,-21.2519,36755,301,483,0000Z0.KS,EQUITY,BIO_HEALTHCARE,RISK,2026-09-28
114470,6,KIWOOM 국고채3년,107055,5,-305,-0.28,107078.0,0.3898,19,2,482,114470.KS,DEFENSIVE,BOND,HEDGE,2026-09-28
0020H0,4,KoAct 글로벌양자컴퓨팅액티브,22750,5,-200,-0.87,22721.0,-25.1346,2438,55,478,0020H0.KS,EQUITY,OTHER,RISK,2026-09-28
305050,1,ACE 코스피,72665,5,-1135,-1.54,72741.0,-13.6944,470,34,472,305050.KS,EQUITY,BROAD_MARKET,RISK,2026-09-28
123310,3,TIGER 인버스,1092,2,17,1.58,1092.0,1.7029,424323,459,472,123310.KS,EXCLUDED,OTHER,HEDGE,2026-09-28
447430,2,ACE 주주환원가치주액티브,16420,2,90,0.55,16474.0,7.0087,6186,100,468,447430.KS,EQUITY,OTHER,RISK,2026-09-28
0086B0,2,TIGER 리츠부동산인프라TOP10액티브,9505,5,-25,-0.26,9502.0,2.1232,1163,11,466,0086B0.KS,EQUITY,OTHER,RISK,2026-09-28
442090,2,에셋플러스 코리아대장장이액티브,31000,2,80,0.26,30994.0,-8.6963,185,5,465,442090.KS,EQUITY,OTHER,RISK,2026-09-28
196030,4,ACE 일본TOPIX레버리지(H),91800,2,450,0.49,92475.0,5.6435,81,7,459,196030.KS,EXCLUDED,OTHER,HEDGE,2026-09-28
453650,4,KODEX 미국S&P500금융,18235,5,-25,-0.14,18282.0,-7.8535,3493,63,456,453650.KS,EQUITY,BANK_FINANCE,RISK,2026-09-28
375770,2,KODEX 탄소효율그린뉴딜,25275,5,-135,-0.53,25217.0,-13.0841,14,0,455,375770.KS,EQUITY,OTHER,RISK,2026-09-28
473590,4,ACE 미국주식베스트셀러,19750,5,-325,-1.62,19795.0,-12.298,5070,100,454,473590.KS,EQUITY,OTHER,RISK,2026-09-28
200030,4,KODEX 미국S&P500산업재(합성),39860,5,-45,-0.11,39982.0,-16.2716,288,11,449,200030.KS,EQUITY,OTHER,RISK,2026-09-28
371470,4,TIGER 차이나바이오테크SOLACTIVE,8495,5,-285,-3.25,8546.0,16.6002,10653,90,449,371470.KS,EQUITY,BIO_HEALTHCARE,RISK,2026-09-28
276990,4,KODEX 글로벌로봇(합성),25205,2,125,0.5,25193.0,-16.4418,522,13,446,276990.KS,EQUITY,AI_TECH,RISK,2026-09-28
256750,4,KODEX 차이나심천ChiNext(합성),14570,5,-425,-2.83,14577.0,-28.3051,652,9,446,256750.KS,EQUITY,OTHER,RISK,2026-09-28
476260,2,HANARO 반도체핵심공정주도주,14210,5,-145,-1.01,14234.0,-7.2075,131310,1856,441,476260.KS,EQUITY,SEMICONDUCTOR,RISK,2026-09-28
487130,2,KoAct AI인프라액티브,30325,2,100,0.33,30395.0,-12.4294,1639,49,440,487130.KS,EQUITY,AI_TECH,RISK,2026-09-28
0141T0,6,SOL 중기종합채권(AA-이상)액티브,50165,5,-105,-0.21,50213.0,0.5902,2,0,437,0141T0.KS,DEFENSIVE,BOND,HEDGE,2026-09-28
238720,4,ACE 일본Nikkei225(H),48600,2,1000,2.1,48654.0,-6.4925,1146,55,437,238720.KS,EQUITY,OTHER,RISK,2026-09-28
0207G0,2,SOL 우주항공밸류체인,7520,2,60,0.8,7526.0,-0.2007,241664,1805,436,0207G0.KS,EQUITY,OTHER,RISK,2026-09-28
0194M0,2,ACE 삼성전자단일종목레버리지,12105,5,-710,-5.54,12133.0,-33.9433,34616,430,436,0194M0.KS,EXCLUDED,OTHER,HEDGE,2026-09-28
0186S0,7,1Q 코스닥150채권혼합50액티브,8505,2,140,1.67,8506.0,-6.5465,112022,949,434,0186S0.KS,DEFENSIVE,BOND,HEDGE,2026-09-28
491830,4,TIGER 미국AI반도체팹리스,23440,5,-340,-1.43,23420.0,-12.3322,23242,547,434,491830.KS,EQUITY,SEMICONDUCTOR,RISK,2026-09-28
440650,6,ACE 미국달러단기채권액티브,11400,5,-10,-0.09,11402.0,-11.1717,16018,182,433,440650.KS,DEFENSIVE,USD,SAFE,2026-09-28
0089C0,4,KODEX 미국S&P500변동성확대시커버드콜,11325,3,0,0.0,11342.0,-7.3526,188,2,430,0089C0.KS,EQUITY,OTHER,RISK,2026-09-28
0132H0,4,KODEX 미국원자력SMR,7160,5,-425,-5.6,7105.0,-27.9335,54340,388,426,0132H0.KS,EQUITY,OTHER,RISK,2026-09-28
0112X0,1,마이티 200TR,41970,5,-675,-1.58,41898.0,-15.0668,2118,89,420,0112X0.KS,EQUITY,BROAD_MARKET,RISK,2026-09-28
0197W0,2,SOL SK하이닉스단일종목레버리지,9355,5,-535,-5.41,9389.0,-63.9775,24024,228,419,0197W0.KS,EXCLUDED,OTHER,HEDGE,2026-09-28
100910,1,KIWOOM KRX100,17440,5,-135,-0.77,17452.0,-16.9328,191,3,419,100910.KS,EQUITY,OTHER,RISK,2026-09-28
0191M0,6,마이티 5월만기자동연장특수채(AAA)액티브,100820,3,0,0.0,100830.0,0.6589,0,0,417,0191M0.KS,EQUITY,OTHER,RISK,2026-09-28
472840,1,IBK 200,110915,5,-1590,-1.41,111011.0,-14.86,80,8,416,472840.KS,EQUITY,BROAD_MARKET,RISK,2026-09-28
401170,2,RISE 메타버스,10635,2,245,2.36,10650.0,-15.8364,27547,292,415,401170.KS,EQUITY,OTHER,RISK,2026-09-28
472830,6,RISE 미국30년국채커버드콜(합성),7470,5,-265,-3.43,7497.0,-16.0361,19849,148,415,472830.KS,DEFENSIVE,BOND,HEDGE,2026-09-28
448570,1,FOCUS AI코리아액티브,30525,2,45,0.15,30460.0,-7.6084,52,1,412,448570.KS,EQUITY,AI_TECH,RISK,2026-09-28
183700,7,RISE 200채권혼합50,97465,5,-275,-0.28,97034.0,-7.1795,1232,120,409,183700.KS,DEFENSIVE,BOND,HEDGE,2026-09-28
0189B0,5,TIGER 은액티브,7795,5,-340,-4.18,7754.0,-5.7359,10358,81,401,0189B0.KS,EQUITY,OTHER,RISK,2026-09-28
322410,2,HANARO K고배당,22840,2,200,0.88,22882.0,4.6621,1604,36,400,322410.KS,EQUITY,DIVIDEND,RISK,2026-09-28
139320,5,TIGER 금은선물(H),17620,5,-435,-2.41,17836.0,3.9435,2435,43,396,139320.KS,REAL_ASSET,SILVER,DIVERSIFIER,2026-09-28
275280,2,KODEX 모멘텀주,43985,5,-510,-1.15,43997.0,-16.9644,218,9,396,275280.KS,EQUITY,OTHER,RISK,2026-09-28
428510,4,KODEX 차이나AI테크액티브,23250,5,-575,-2.41,23293.0,-28.8803,1052,24,395,428510.KS,EQUITY,AI_TECH,RISK,2026-09-28
469050,4,RISE 미국반도체NYSE(H),34340,2,45,0.13,34414.0,-8.9666,8391,288,395,469050.KS,EQUITY,SEMICONDUCTOR,RISK,2026-09-28
139280,2,TIGER 경기방어,12240,2,115,0.95,12243.0,4.5683,4977,60,392,139280.KS,EQUITY,OTHER,RISK,2026-09-28
494840,4,TIGER 미국방산TOP10,11665,5,-140,-1.19,11697.0,-10.8544,4921,57,391,494840.KS,EQUITY,OTHER,RISK,2026-09-28
0192L0,2,RISE SK하이닉스단일종목레버리지,9670,5,-605,-5.89,9742.0,-62.8257,450,4,382,0192L0.KS,EXCLUDED,OTHER,HEDGE,2026-09-28
0007G0,4,PLUS 글로벌원자력밸류체인,12345,5,-630,-4.86,12292.0,-19.7837,1636,20,377,0007G0.KS,EQUITY,OTHER,RISK,2026-09-28
449690,4,TIGER 한중반도체(합성),50180,5,-705,-1.39,50040.0,-20.4922,3,0,376,449690.KS,EQUITY,SEMICONDUCTOR,RISK,2026-09-28
352540,7,KODEX 일본부동산리츠(H),10970,2,5,0.05,10965.0,-0.4393,1077,11,373,352540.KS,EQUITY,OTHER,RISK,2026-09-28
195930,4,TIGER 유로스탁스50(합성 H),23225,2,130,0.56,23193.0,0.2604,14125,327,372,195930.KS,EQUITY,OTHER,RISK,2026-09-28
0234N0,2,KIWOOM 삼성SK그룹TOP4+,10565,5,-230,-2.13,10594.0,0.0,25925,278,370,0234N0.KS,EQUITY,OTHER,RISK,2026-09-28
147970,2,TIGER 모멘텀,80345,2,685,0.86,80619.0,-15.904,571,45,370,147970.KS,EQUITY,OTHER,RISK,2026-09-28
365000,2,TIGER 인터넷TOP10,3655,2,175,5.03,3666.0,-12.782,39955,144,369,365000.KS,EQUITY,OTHER,RISK,2026-09-28
450910,1,SOL 코스닥150,14075,2,230,1.66,14139.0,-11.5336,680,9,369,450910.KS,EQUITY,BROAD_MARKET,RISK,2026-09-28
494410,4,PLUS 미국S&P500성장주,14515,5,-55,-0.38,14390.0,-4.8564,299,4,363,494410.KS,EQUITY,OTHER,RISK,2026-09-28
276650,4,RISE 글로벌테크놀로지(합성 H),48215,5,-285,-0.59,48283.0,3.3674,891,42,362,276650.KS,EQUITY,OTHER,RISK,2026-09-28
475270,6,ACE 5월만기자동연장회사채AA-이상액티브,10735,3,0,0.0,10741.0,0.7035,0,0,361,475270.KS,EQUITY,OTHER,RISK,2026-09-28
400970,2,TIGER Fn메타버스,7200,2,160,2.27,7211.0,-15.1808,7023,49,360,400970.KS,EQUITY,OTHER,RISK,2026-09-28
0100K0,2,KODEX 방산TOP10레버리지,5935,2,135,2.33,5976.0,-35.6271,239015,1395,356,0100K0.KS,EXCLUDED,OTHER,HEDGE,2026-09-28
0023B0,4,PLUS 미국양자컴퓨팅TOP10,16540,5,-375,-2.22,16637.0,-18.8924,12649,210,356,0023B0.KS,EQUITY,OTHER,RISK,2026-09-28
276970,4,KODEX 미국S&P500배당귀족커버드콜(합성 H),7545,5,-5,-0.07,7480.0,4.2836,1594,12,355,276970.KS,EQUITY,DIVIDEND,RISK,2026-09-28
407830,4,에셋플러스 글로벌플랫폼액티브,14770,5,-85,-0.57,14760.0,-10.4582,450,6,354,407830.KS,EQUITY,OTHER,RISK,2026-09-28
104530,2,KIWOOM 코리아고배당,17260,2,220,1.29,17268.0,1.4658,4489,77,354,104530.KS,EQUITY,DIVIDEND,RISK,2026-09-28
0085N0,6,ACE 미국10년국채액티브(H),9485,5,-155,-1.61,9501.0,-2.031,34846,330,351,0085N0.KS,DEFENSIVE,BOND,HEDGE,2026-09-28
241390,7,RISE V&S셀렉트밸류채권혼합,15860,5,-35,-0.22,15784.0,-1.7311,2638,41,349,241390.KS,DEFENSIVE,BOND,HEDGE,2026-09-28
0184E0,7,1Q 200채권혼합50액티브,11175,5,-95,-0.84,11181.0,-6.5771,48711,545,346,0184E0.KS,DEFENSIVE,BOND,HEDGE,2026-09-28
464470,6,PLUS 미국채30년액티브,45235,5,-1655,-3.53,45415.0,-15.5194,2030,91,346,464470.KS,DEFENSIVE,BOND,HEDGE,2026-09-28
266360,2,KODEX K콘텐츠,9340,2,170,1.85,9378.0,-7.4205,3533,32,346,266360.KS,EQUITY,OTHER,RISK,2026-09-28
385520,2,KODEX 자율주행액티브,16065,2,310,1.97,16090.0,-12.4723,924,14,345,385520.KS,EQUITY,OTHER,RISK,2026-09-28
380340,2,ACE 코리아AI테크핵심산업,28430,2,520,1.86,28541.0,-17.7061,4441,127,341,380340.KS,EQUITY,AI_TECH,RISK,2026-09-28
117460,2,KODEX 에너지화학,14285,2,530,3.85,14316.0,3.816,15967,225,340,117460.KS,EQUITY,ENERGY,RISK,2026-09-28
0204S0,1,TIGER 코스닥액티브,7670,2,55,0.72,7698.0,-8.4736,100140,766,340,0204S0.KS,EQUITY,OTHER,RISK,2026-09-28
491090,4,KODEX 미국테크TOP3플러스,18360,5,-120,-0.65,18384.0,-0.8278,1609,29,340,491090.KS,EQUITY,OTHER,RISK,2026-09-28
0083S0,4,1Q 미국메디컬AI,12120,2,140,1.17,12171.0,18.2192,22680,275,339,0083S0.KS,EQUITY,AI_TECH,RISK,2026-09-28
261250,7,KODEX 미국달러선물레버리지,15400,5,-10,-0.06,15427.0,-21.7965,14282,220,337,261250.KS,EXCLUDED,USD,HEDGE,2026-09-28
449780,4,KIWOOM 미국S&P500(H),18735,5,-110,-0.58,18774.0,4.2596,2759,51,337,449780.KS,EQUITY,OTHER,RISK,2026-09-28
474800,4,KIWOOM 미국원유에너지기업,15315,2,185,1.22,15337.0,0.2315,10170,155,337,474800.KS,REAL_ASSET,ENERGY,DIVERSIFIER,2026-09-28
0154F0,2,WON 초대형IB&금융지주,12185,5,-15,-0.12,12242.0,2.6503,511,6,335,0154F0.KS,EQUITY,BANK_FINANCE,RISK,2026-09-28
452250,6,ACE 미국30년국채선물레버리지(합성 H),4315,5,-355,-7.6,4354.0,-9.4084,18629,81,334,452250.KS,EXCLUDED,BOND,HEDGE,2026-09-28
105780,2,RISE 5대그룹주,16700,5,-85,-0.51,16743.0,-19.4965,451,7,334,105780.KS,EQUITY,OTHER,RISK,2026-09-28
138910,5,KODEX 구리선물(H),10110,5,-145,-1.41,10118.0,6.6008,1927,19,334,138910.KS,REAL_ASSET,COPPER,DIVERSIFIER,2026-09-28
459560,4,KODEX 테슬라밸류체인FactSet,22240,2,135,0.61,22231.0,-18.8062,1016,22,334,459560.KS,EQUITY,OTHER,RISK,2026-09-28
498860,2,RISE 코리아금융고배당,16460,5,-55,-0.33,16503.0,-2.604,1498,24,329,498860.KS,EQUITY,BANK_FINANCE,RISK,2026-09-28
475070,4,KoAct 글로벌친환경전력인프라액티브,29890,5,-280,-0.93,29908.0,-24.941,837,25,329,475070.KS,EQUITY,OTHER,RISK,2026-09-28
0138T0,4,RISE 미국S&P500데일리고정커버드콜,9315,5,-35,-0.37,9354.0,-7.5464,4489,41,326,0138T0.KS,EQUITY,OTHER,RISK,2026-09-28
0089B0,7,PLUS 미국나스닥100미국채혼합50,11240,5,-15,-0.13,11247.0,-9.7992,1336,15,326,0089B0.KS,DEFENSIVE,BOND,HEDGE,2026-09-28
099140,4,KODEX 차이나H,20370,5,-210,-1.02,20330.0,-4.5808,817,16,326,099140.KS,EQUITY,OTHER,RISK,2026-09-28
122260,6,KIWOOM 통안채1년,104210,5,-30,-0.03,104196.0,0.5886,6010,626,323,122260.KS,EQUITY,OTHER,RISK,2026-09-28
156080,1,KODEX MSCI Korea,53360,5,-940,-1.73,53287.0,-14.69,76,4,320,156080.KS,EQUITY,OTHER,RISK,2026-09-28
261140,2,TIGER 우선주,24950,5,-20,-0.08,24980.0,-6.8662,1197,29,319,261140.KS,EQUITY,OTHER,RISK,2026-09-28
275290,2,KODEX 가치주,35455,5,-375,-1.05,35420.0,-12.5301,7135,253,319,275290.KS,EQUITY,OTHER,RISK,2026-09-28
322400,2,HANARO e커머스,9660,2,125,1.31,9657.0,-9.0172,277,2,319,322400.KS,EQUITY,OTHER,RISK,2026-09-28
494340,4,ACE 글로벌AI맞춤형반도체,21210,5,-280,-1.3,21213.0,-22.4748,6155,131,318,494340.KS,EQUITY,SEMICONDUCTOR,RISK,2026-09-28
217770,5,TIGER 원유선물인버스(H),1090,5,-42,-3.71,1091.0,-27.5752,212851,232,318,217770.KS,EXCLUDED,ENERGY,HEDGE,2026-09-28
446690,4,KODEX 아시아AI반도체exChina액티브,63180,2,1025,1.65,63261.0,-23.4999,402,25,316,446690.KS,EQUITY,SEMICONDUCTOR,RISK,2026-09-28
0150K0,2,KoAct 수소전력ESS인프라액티브,11280,2,325,2.97,11272.0,3.203,10231,114,316,0150K0.KS,EQUITY,OTHER,RISK,2026-09-28
465350,3,RISE 2차전지TOP10인버스(합성),15775,5,-525,-3.22,15915.0,-10.2176,15144,241,316,465350.KS,EXCLUDED,OTHER,HEDGE,2026-09-28
139270,2,TIGER 200 금융,16975,5,-5,-0.03,17013.0,2.9938,792,13,312,139270.KS,EQUITY,BANK_FINANCE,RISK,2026-09-28
395290,2,HANARO Fn K-POP&미디어,4910,2,60,1.24,4921.0,-8.144,6441,31,312,395290.KS,EQUITY,OTHER,RISK,2026-09-28
469790,2,KIWOOM 코리아테크TOP10,44525,5,-255,-0.57,44437.0,-16.0167,30,1,312,469790.KS,EQUITY,OTHER,RISK,2026-09-28
395170,2,KODEX Top10동일가중,15545,5,-115,-0.73,15590.0,-23.4687,177,2,311,395170.KS,EQUITY,OTHER,RISK,2026-09-28
465660,4,TIGER 일본반도체FACTSET,24825,2,675,2.8,25079.0,-25.2489,10693,263,310,465660.KS,EQUITY,SEMICONDUCTOR,RISK,2026-09-28
174360,4,RISE 중국본토대형주CSI100,22160,5,-295,-1.31,22099.0,-18.4493,609,13,310,174360.KS,EQUITY,OTHER,RISK,2026-09-28
0218J0,7,RISE 미국우주&로봇TOP2미국채혼합50,9110,5,-75,-0.82,9071.0,0.0,33412,304,310,0218J0.KS,DEFENSIVE,AI_TECH,HEDGE,2026-09-28
153270,1,KIWOOM 코스피100,85690,5,-1120,-1.29,85793.0,-16.4566,104,8,308,153270.KS,EQUITY,BROAD_MARKET,RISK,2026-09-28
459750,4,RISE 글로벌주식분산액티브,17615,5,-70,-0.4,17605.0,-9.646,862,15,308,459750.KS,EQUITY,OTHER,RISK,2026-09-28
352560,7,KODEX 미국부동산리츠(H),11620,5,-270,-2.27,11623.0,-1.7242,1560,18,308,352560.KS,EQUITY,OTHER,RISK,2026-09-28
426150,6,WON 대한민국국고채액티브,50715,5,-365,-0.71,50692.0,-1.2088,43,2,305,426150.KS,DEFENSIVE,BOND,HEDGE,2026-09-28
0192T0,2,SOL 코스닥TOP10,7095,2,265,3.88,7085.0,-17.011,232898,1631,305,0192T0.KS,EQUITY,OTHER,RISK,2026-09-28
0166N0,1,PLUS 코스닥150액티브,8700,2,200,2.35,8725.0,-4.7086,13712,118,305,0166N0.KS,EQUITY,BROAD_MARKET,RISK,2026-09-28
252710,3,TIGER 200선물인버스2X,77,2,3,4.05,76.0,-5.1283,43603181,3283,304,252710.KS,EXCLUDED,BROAD_MARKET,HEDGE,2026-09-28
387270,4,TIGER 글로벌이노베이션액티브,26195,3,0,0.0,26221.0,-14.6743,69,1,304,387270.KS,EQUITY,OTHER,RISK,2026-09-28
450190,4,KODEX 한중반도체(합성),50600,5,-615,-1.2,50453.0,-20.6707,2,0,304,450190.KS,EQUITY,SEMICONDUCTOR,RISK,2026-09-28
261060,2,TIGER 코스닥150IT,26620,3,0,0.0,26701.0,-2.6692,6406,170,303,261060.KS,EQUITY,BROAD_MARKET,RISK,2026-09-28
0192M0,2,RISE 삼성전자단일종목레버리지,12250,5,-730,-5.62,12257.0,-33.691,4600,58,303,0192M0.KS,EXCLUDED,OTHER,HEDGE,2026-09-28
248270,4,TIGER S&P글로벌헬스케어(합성),26130,2,260,1.01,26024.0,-2.4694,449,11,303,248270.KS,EQUITY,BIO_HEALTHCARE,RISK,2026-09-28
227540,2,TIGER 200 헬스케어,18255,2,15,0.08,18295.0,7.9289,11772,214,303,227540.KS,EQUITY,BIO_HEALTHCARE,RISK,2026-09-28
476690,4,TIGER 글로벌비만치료제TOP2Plus,10085,2,30,0.3,10089.0,-9.5832,1273,12,303,476690.KS,EQUITY,OTHER,RISK,2026-09-28
459790,4,KIWOOM 미국성장기업30액티브,20835,5,-210,-1.0,20750.0,-14.5728,7,0,302,459790.KS,EQUITY,OTHER,RISK,2026-09-28
117680,2,KODEX 철강,12330,2,75,0.61,12339.0,7.0522,4043,49,302,117680.KS,EQUITY,OTHER,RISK,2026-09-28
0155N0,2,HANARO K휴머노이드테마TOP10,7725,2,15,0.19,7741.0,-6.8841,4941,37,301,0155N0.KS,EQUITY,OTHER,RISK,2026-09-28
253250,3,KIWOOM 200선물레버리지,103860,5,-2880,-2.7,103755.0,-36.9615,91,9,301,253250.KS,EXCLUDED,BROAD_MARKET,HEDGE,2026-09-28
145850,2,TREX 펀더멘탈 200,118945,3,0,0.0,118311.0,-6.3302,0,0,297,145850.KS,EQUITY,BROAD_MARKET,RISK,2026-09-28
245350,4,TIGER 유로스탁스배당30,18545,5,-340,-1.8,18641.0,-4.6583,696,12,297,245350.KS,EQUITY,DIVIDEND,RISK,2026-09-28
256440,4,ACE MSCI인도네시아(합성),4835,5,-80,-1.63,4850.0,-12.1538,6711,32,295,256440.KS,EQUITY,OTHER,RISK,2026-09-28
192720,2,파워 고배당저변동성,57685,2,840,1.48,57728.0,4.2129,443,25,294,192720.KS,EQUITY,DIVIDEND,RISK,2026-09-28
415920,5,PLUS 글로벌희토류&전략자원생산기업,6225,5,-430,-6.46,6178.0,-30.641,14346,89,293,415920.KS,EQUITY,OTHER,RISK,2026-09-28
468630,6,KODEX iShares미국투자등급회사채액티브,10365,5,-225,-2.12,10406.0,-13.8792,15828,164,291,468630.KS,EQUITY,OTHER,RISK,2026-09-28
464920,4,PLUS 일본반도체소부장,23995,2,350,1.48,24008.0,-22.3609,3661,87,288,464920.KS,EQUITY,SEMICONDUCTOR,RISK,2026-09-28
496770,4,PLUS 글로벌방산,15910,5,-145,-0.9,15978.0,-9.3706,1993,31,286,496770.KS,EQUITY,OTHER,RISK,2026-09-28
415340,4,KODEX 차이나과창판STAR50(합성),13775,5,-365,-2.58,13798.0,-21.5534,5181,71,285,415340.KS,EQUITY,OTHER,RISK,2026-09-28
0223R0,4,TIGER 미국테크NYSE100액티브,9775,5,-50,-0.51,9787.0,0.0,9658,94,284,0223R0.KS,EQUITY,OTHER,RISK,2026-09-28
489290,4,WON 미국빌리어네어,14875,5,-110,-0.73,14885.0,-3.8807,538,8,283,489290.KS,EQUITY,OTHER,RISK,2026-09-28
0155M0,4,ACE 미국SMR원자력TOP10,6235,5,-280,-4.3,6225.0,-23.5778,5952,37,281,0155M0.KS,EQUITY,OTHER,RISK,2026-09-28
223190,2,KODEX 200가치저변동,28040,2,165,0.59,28004.0,-5.3484,99,2,280,223190.KS,EQUITY,BROAD_MARKET,RISK,2026-09-28
289480,3,TIGER 200커버드콜,13315,5,-35,-0.26,13256.0,13.4485,1059,14,280,289480.KS,EQUITY,BROAD_MARKET,RISK,2026-09-28
476070,4,KODEX 글로벌비만치료제TOP2 Plus,10490,5,-165,-1.55,10486.0,-4.8733,25843,271,278,476070.KS,EQUITY,OTHER,RISK,2026-09-28
271060,5,KODEX 3대농산물선물(H),8930,5,-45,-0.5,8970.0,16.8619,3298,29,276,271060.KS,REAL_ASSET,AGRICULTURE,DIVERSIFIER,2026-09-28
0013R0,7,RISE 테슬라미국채타겟커버드콜혼합(합성),7655,5,-180,-2.3,7609.0,-14.8956,10860,83,276,0013R0.KS,DEFENSIVE,BOND,HEDGE,2026-09-28
0107F0,4,KIWOOM 미국고배당&AI테크,11000,5,-90,-0.81,11042.0,-8.6705,1912,21,275,0107F0.KS,EQUITY,DIVIDEND,RISK,2026-09-28
0049K0,7,ACE 미국배당퀄리티채권혼합50,11010,3,0,0.0,10990.0,-4.4585,2649,29,270,0049K0.KS,DEFENSIVE,DIVIDEND,HEDGE,2026-09-28
0224X0,7,1Q 엔비디아알파벳미국채혼합50,9630,5,-150,-1.53,9657.0,0.0,21043,203,270,0224X0.KS,DEFENSIVE,BOND,HEDGE,2026-09-28
0137W0,4,KIWOOM 미국S&P500&GOLD,10265,5,-5,-0.05,10290.0,-7.4306,2280,23,267,0137W0.KS,EQUITY,OTHER,RISK,2026-09-28
277540,4,ACE 아시아TOP50,32760,2,70,0.21,32591.0,-12.8267,164,5,262,277540.KS,EQUITY,OTHER,RISK,2026-09-28
0203S0,7,WON 삼성전자현대차채권혼합50,8590,5,-40,-0.46,8600.0,-8.2891,6045,52,262,0203S0.KS,DEFENSIVE,BOND,HEDGE,2026-09-28
437350,6,RISE 미국단기투자등급회사채액티브,11845,5,-50,-0.42,11847.0,-12.2788,3577,42,261,437350.KS,EQUITY,OTHER,RISK,2026-09-28
139250,2,TIGER 200 에너지화학,18340,2,445,2.49,18338.0,2.0231,27581,505,260,139250.KS,EQUITY,ENERGY,RISK,2026-09-28
167860,6,KIWOOM 국고채10년레버리지,89710,5,-1935,-2.11,89818.0,-0.9725,1,0,260,167860.KS,EXCLUDED,BOND,HEDGE,2026-09-28
440340,7,TIGER 글로벌멀티에셋TIF액티브,11510,5,-105,-0.9,11563.0,-11.5973,2903,33,259,440340.KS,EQUITY,OTHER,RISK,2026-09-28
0164G0,4,RISE 차이나AI반도체TOP4Plus,12325,5,-240,-1.91,12325.0,-28.425,298,3,259,0164G0.KS,EQUITY,SEMICONDUCTOR,RISK,2026-09-28
475380,7,RISE 글로벌리얼티인컴,9745,5,-200,-2.01,9705.0,-12.9621,4727,46,258,475380.KS,EQUITY,OTHER,RISK,2026-09-28
0047R0,4,RISE 팔란티어고정테크100,15610,2,60,0.39,15666.0,5.2479,490,7,258,0047R0.KS,EQUITY,OTHER,RISK,2026-09-28
483570,4,KCGI 미국S&P500 TOP10,16025,5,-25,-0.16,16034.0,-2.0745,357,5,256,483570.KS,EQUITY,OTHER,RISK,2026-09-28
493420,4,SOL 미국배당다우존스2호,12125,5,-145,-1.18,12143.0,-5.8482,1189,14,255,493420.KS,EQUITY,DIVIDEND,RISK,2026-09-28
292500,1,SOL KRX300,50730,3,0,0.0,50358.0,-15.1164,10,0,254,292500.KS,EQUITY,OTHER,RISK,2026-09-28
0209Z0,2,ACE 코리아AI전력TOP10,7240,2,25,0.35,7261.0,-16.5896,37557,271,253,0209Z0.KS,EQUITY,AI_TECH,RISK,2026-09-28
481340,6,RISE 미국30년국채액티브,8035,5,-375,-4.46,8074.0,-15.8839,59861,482,253,481340.KS,DEFENSIVE,BOND,HEDGE,2026-09-28
496120,1,ACE 코리아밸류업,33735,5,-240,-0.71,33738.0,-13.324,65,2,253,496120.KS,EQUITY,OTHER,RISK,2026-09-28
0152E0,2,SOL 배당성향탑픽액티브,10670,2,5,0.05,10690.0,-1.9858,550,5,251,0152E0.KS,EQUITY,DIVIDEND,RISK,2026-09-28
0115C0,4,RISE 미국고배당다우존스TOP10,10615,5,-75,-0.7,10635.0,-7.5432,1180,12,249,0115C0.KS,EQUITY,DIVIDEND,RISK,2026-09-28
159800,1,마이티 코스피100,88680,5,-1060,-1.18,88359.0,-15.8162,10,0,248,159800.KS,EQUITY,BROAD_MARKET,RISK,2026-09-28
292160,1,TIGER KRX300,49515,5,-330,-0.66,49422.0,-15.1799,104,5,248,292160.KS,EQUITY,OTHER,RISK,2026-09-28
245360,4,TIGER 차이나HSCEI,11770,5,-150,-1.26,11742.0,-4.3234,3288,38,247,245360.KS,EQUITY,OTHER,RISK,2026-09-28
367740,2,HANARO Fn5G산업,44535,2,595,1.35,44346.0,-8.7246,379,16,245,367740.KS,EQUITY,OTHER,RISK,2026-09-28
0238C0,7,IBK 한미대표기업TOP2+채권혼합50액티브,10200,5,-30,-0.29,10141.0,0.0,1135,11,245,0238C0.KS,DEFENSIVE,BOND,HEDGE,2026-09-28
0198D0,2,1Q SK하이닉스선물단일종목레버리지,9900,5,-605,-5.76,9941.0,-63.8071,30110,300,245,0198D0.KS,EXCLUDED,OTHER,HEDGE,2026-09-28
0097L0,7,KIWOOM 한국고배당&미국AI테크,12515,2,50,0.4,12552.0,-1.9985,1367,17,244,0097L0.KS,EQUITY,DIVIDEND,RISK,2026-09-28
368190,2,HANARO Fn K-뉴딜디지털플러스,7625,2,120,1.6,7625.0,-0.4642,20,0,244,368190.KS,EQUITY,OTHER,RISK,2026-09-28
295020,6,RISE 국채선물10년인버스,61475,2,660,1.09,61523.0,1.6633,1,0,243,295020.KS,EXCLUDED,BOND,HEDGE,2026-09-28
0093D0,7,KoAct 팔란티어밸류체인액티브,18635,2,195,1.06,18577.0,-14.9054,255,4,242,0093D0.KS,EQUITY,OTHER,RISK,2026-09-28
414270,4,ACE 글로벌자율주행액티브,11480,5,-140,-1.2,11452.0,-17.0593,1636,18,241,414270.KS,EQUITY,OTHER,RISK,2026-09-28
0177A0,2,WON 두산그룹포커스,9600,5,-15,-0.16,9604.0,-8.0345,30935,297,240,0177A0.KS,EQUITY,OTHER,RISK,2026-09-28
364690,1,KODEX 혁신기술테마액티브,39990,2,25,0.06,39874.0,-17.4639,11,0,240,364690.KS,EQUITY,OTHER,RISK,2026-09-28
479850,2,HANARO K-뷰티,17770,2,175,0.99,17778.0,23.8648,12318,218,240,479850.KS,EQUITY,OTHER,RISK,2026-09-28
185680,4,KODEX 미국S&P바이오(합성),44665,5,-1920,-4.12,44899.0,0.0,460,20,238,185680.KS,EQUITY,BIO_HEALTHCARE,RISK,2026-09-28
195970,4,PLUS 선진국MSCI(합성 H),16205,3,0,0.0,16165.0,2.1752,2121,34,237,195970.KS,EQUITY,OTHER,RISK,2026-09-28
0103T0,2,1Q K소버린AI,8265,2,100,1.22,8267.0,-0.5482,8174,67,236,0103T0.KS,EQUITY,AI_TECH,RISK,2026-09-28
442550,7,RISE TDF2030액티브 적격,14685,5,-95,-0.64,14629.0,-5.4492,1770,26,235,442550.KS,EQUITY,OTHER,RISK,2026-09-28
138230,7,KIWOOM 미국달러선물,15960,2,70,0.44,15937.0,-11.2043,120,1,231,138230.KS,DEFENSIVE,USD,HEDGE,2026-09-28
0206G0,7,1Q 현대차기아채권혼합50,7805,2,55,0.71,7811.0,-11.6306,36997,288,230,0206G0.KS,DEFENSIVE,BOND,HEDGE,2026-09-28
388280,2,RISE K엔터&여행레저,7025,2,75,1.08,7029.0,-13.125,259,1,229,388280.KS,EQUITY,OTHER,RISK,2026-09-28
0239Z0,2,PLUS AI반도체소부장액티브,11450,2,10,0.09,11450.0,0.0,64218,731,229,0239Z0.KS,EQUITY,SEMICONDUCTOR,RISK,2026-09-28
0047P0,4,RISE 테슬라고정테크100,14725,5,-70,-0.47,14757.0,-7.4717,241,3,228,0047P0.KS,EQUITY,OTHER,RISK,2026-09-28
225130,4,ACE 골드선물 레버리지(합성 H),45390,5,-1605,-3.42,45070.0,6.1793,504,23,227,225130.KS,EXCLUDED,GOLD,HEDGE,2026-09-28
0127R0,4,RISE 미국AI클라우드인프라,16800,5,-315,-1.84,16781.0,-19.657,1138,19,227,0127R0.KS,EQUITY,AI_TECH,RISK,2026-09-28
419430,4,KODEX 차이나2차전지MSCI(합성),8060,5,-275,-3.3,8062.0,-29.2445,1360,10,226,419430.KS,EQUITY,OTHER,RISK,2026-09-28
300950,2,KODEX 게임산업,5365,2,85,1.61,5367.0,-6.0499,10117,53,225,300950.KS,EQUITY,OTHER,RISK,2026-09-28
376410,2,TIGER 탄소효율그린뉴딜,24955,5,-160,-0.64,24963.0,-13.3684,45,1,225,376410.KS,EQUITY,OTHER,RISK,2026-09-28
375760,2,HANARO 탄소효율그린뉴딜,24910,2,20,0.08,24877.0,-14.281,21,0,224,375760.KS,EQUITY,OTHER,RISK,2026-09-28
280930,4,KODEX 미국러셀2000(H),15955,5,-355,-2.18,16027.0,-2.8878,1300,20,223,280930.KS,EQUITY,BROAD_MARKET,RISK,2026-09-28
108590,1,TREX 200,110980,5,-1775,-1.57,111068.0,-14.8416,6,0,222,108590.KS,EQUITY,BROAD_MARKET,RISK,2026-09-28
411540,1,SOL 200 Top10,16900,2,90,0.54,16887.0,-16.461,4168,70,220,411540.KS,EQUITY,BROAD_MARKET,RISK,2026-09-28
0186L0,4,KoAct 미국로봇피지컬AI액티브,9540,2,15,0.16,9554.0,-22.0541,2372,22,219,0186L0.KS,EQUITY,AI_TECH,RISK,2026-09-28
261120,7,TIGER 미국달러선물인버스2X,5485,2,10,0.18,5480.0,27.6223,108,0,219,261120.KS,EXCLUDED,USD,HEDGE,2026-09-28
239660,6,PLUS 우량회사채50,121735,5,-80,-0.07,121700.0,0.6693,305,37,219,239660.KS,EQUITY,OTHER,RISK,2026-09-28
461450,1,KODEX 코스닥글로벌,15495,2,140,0.91,15533.0,-9.1958,3012,46,217,461450.KS,EQUITY,OTHER,RISK,2026-09-28
433220,4,에셋플러스 글로벌대장장이액티브,29135,5,-305,-1.04,29142.0,-19.0208,157,4,216,433220.KS,EQUITY,OTHER,RISK,2026-09-28
0026E0,4,KODEX 미국S&P500버퍼3월액티브,11630,2,75,0.65,11656.0,-7.597,4,0,215,0026E0.KS,EQUITY,OTHER,RISK,2026-09-28
447660,7,PLUS 애플채권혼합,13880,2,15,0.11,13903.0,1.0145,8955,124,215,447660.KS,DEFENSIVE,BOND,HEDGE,2026-09-28
269420,4,KODEX S&P글로벌인프라(합성),20755,5,-320,-1.52,20767.0,-15.2594,700,14,214,269420.KS,EQUITY,OTHER,RISK,2026-09-28
337120,2,KODEX 멀티팩터,35595,3,0,0.0,35253.0,-14.7895,0,0,214,337120.KS,EQUITY,OTHER,RISK,2026-09-28
461600,6,SOL 미국30년국채액티브(H),8020,5,-300,-3.61,8039.0,-4.037,10625,85,213,461600.KS,DEFENSIVE,BOND,HEDGE,2026-09-28
464600,2,SOL 자동차소부장Fn,23500,2,690,3.02,23509.0,-17.1901,4195,98,212,464600.KS,EQUITY,OTHER,RISK,2026-09-28
0190M0,4,KIWOOM 미국AI테크하이베타,8780,5,-90,-1.01,8791.0,-26.6033,3818,33,211,0190M0.KS,EQUITY,AI_TECH,RISK,2026-09-28
0192S0,7,SOL 코스피200채권혼합50,9570,5,-50,-0.52,9569.0,-8.003,88914,854,211,0192S0.KS,DEFENSIVE,BOND,HEDGE,2026-09-28
469160,4,ACE 일본반도체,24705,2,515,2.13,24974.0,-27.2482,36726,899,210,469160.KS,EQUITY,SEMICONDUCTOR,RISK,2026-09-28
0239Y0,2,PLUS 코리아HBM반도체,10490,5,-160,-1.5,10509.0,0.0,86353,907,210,0239Y0.KS,EQUITY,SEMICONDUCTOR,RISK,2026-09-28
0231Z0,7,KODEX 코리아TDF2065액티브 적격,10430,5,-75,-0.71,10446.0,0.0,7306,76,209,0231Z0.KS,EQUITY,OTHER,RISK,2026-09-28
300640,2,RISE 게임테마,6410,2,115,1.83,6408.0,-0.4744,1714,10,208,300640.KS,EQUITY,OTHER,RISK,2026-09-28
204450,4,KODEX 차이나H레버리지(H),2165,5,-50,-2.26,2159.0,11.8122,10328,22,208,204450.KS,EXCLUDED,OTHER,HEDGE,2026-09-28
226980,1,KODEX 200 중소형,23090,2,170,0.74,23160.0,-1.261,549,12,208,226980.KS,EQUITY,BROAD_MARKET,RISK,2026-09-28
289040,2,KODEX MSCI KOREA ESG유니버설,34620,2,65,0.19,34432.0,-12.7612,1,0,208,289040.KS,EQUITY,OTHER,RISK,2026-09-28
477730,4,KODEX 인도타타그룹,7025,5,-35,-0.5,7009.0,-14.0373,1200,8,207,477730.KS,EQUITY,OTHER,RISK,2026-09-28
253290,7,RISE 헬스케어채권혼합,11510,2,110,0.96,11492.0,-1.9777,723,8,207,253290.KS,DEFENSIVE,BIO_HEALTHCARE,HEDGE,2026-09-28
371450,4,TIGER 글로벌클라우드컴퓨팅INDXX,13600,5,-305,-2.19,13631.0,19.6129,2311,31,207,371450.KS,EQUITY,OTHER,RISK,2026-09-28
471460,6,KIWOOM 국고채30년액티브,44775,5,-800,-1.76,44724.0,-3.2553,195,8,206,471460.KS,DEFENSIVE,BOND,HEDGE,2026-09-28
364990,2,TIGER 게임TOP10,4510,2,70,1.58,4516.0,-7.8839,20926,93,205,364990.KS,EQUITY,OTHER,RISK,2026-09-28
289250,2,TIGER MSCI KOREA ESG유니버설,35910,5,-200,-0.55,35801.0,-13.1994,12,0,205,289250.KS,EQUITY,OTHER,RISK,2026-09-28
304770,1,HANARO 코스닥150,14365,2,215,1.52,14450.0,-11.4796,66,0,204,304770.KS,EQUITY,BROAD_MARKET,RISK,2026-09-28
463300,4,RISE 중국본토CSI300,12745,5,-95,-0.74,12681.0,-16.0875,160,2,204,463300.KS,EQUITY,OTHER,RISK,2026-09-28
152380,6,KODEX 국채선물10년,64100,5,-685,-1.06,64106.0,-0.6061,164,10,204,152380.KS,DEFENSIVE,BOND,HEDGE,2026-09-28
417630,2,TIGER KEDI혁신기업ESG30,19385,2,135,0.7,19399.0,-5.7989,134,2,204,417630.KS,EQUITY,OTHER,RISK,2026-09-28
091220,2,TIGER 은행,17175,2,85,0.5,17197.0,13.4752,1540,26,203,091220.KS,EQUITY,BANK_FINANCE,RISK,2026-09-28
0241R0,7,TIGER 현대차LG전자고정피지컬AI밸류체인,10110,2,250,2.54,10149.0,0.0,64299,648,202,0241R0.KS,EQUITY,AI_TECH,RISK,2026-09-28
404120,2,TIME K신재생에너지액티브,25215,2,580,2.35,25216.0,-12.1904,99,2,202,404120.KS,EQUITY,ENERGY,RISK,2026-09-28
416090,4,ACE 중국과창판STAR50,12545,5,-185,-1.45,12442.0,-21.6616,824,10,201,416090.KS,EQUITY,OTHER,RISK,2026-09-28
456680,4,TIGER 차이나전기차레버리지(합성),4910,5,-210,-4.1,4914.0,-47.8084,3338,16,200,456680.KS,EXCLUDED,OTHER,HEDGE,2026-09-28
489000,6,PLUS 일본엔화초단기국채(합성),9105,5,-10,-0.11,9117.0,-9.4837,63065,574,200,489000.KS,DEFENSIVE,BOND,SAFE,2026-09-28
0067V0,4,TIGER 차이나글로벌리더스TOP3+,9020,5,-185,-2.01,9105.0,-15.5505,4229,38,198,0067V0.KS,EQUITY,OTHER,RISK,2026-09-28
438320,4,TIGER 차이나항셍테크레버리지(합성 H),4580,5,-225,-4.68,4572.0,-0.6205,19990,91,198,438320.KS,EXCLUDED,OTHER,HEDGE,2026-09-28
437070,6,KODEX 아시아달러채권ESG플러스액티브,57085,5,-465,-0.81,57042.0,-13.036,517,29,198,437070.KS,DEFENSIVE,USD,HEDGE,2026-09-28
379790,4,RISE 유로스탁스50(H),17090,3,0,0.0,17118.0,0.5807,2586,44,197,379790.KS,EQUITY,OTHER,RISK,2026-09-28
0153X0,4,PLUS 미국고배당주액티브,10615,5,-190,-1.76,10633.0,-3.6832,3821,40,196,0153X0.KS,EQUITY,DIVIDEND,RISK,2026-09-28
169950,4,KODEX 차이나A50,24545,5,-455,-1.82,24518.0,-15.5976,31,0,196,169950.KS,EQUITY,OTHER,RISK,2026-09-28
465670,4,TIGER 미국캐시카우100,15665,5,-210,-1.32,15792.0,-3.0273,11103,173,196,465670.KS,EQUITY,OTHER,RISK,2026-09-28
284980,2,RISE 200금융,22560,2,65,0.29,22626.0,3.1921,982,22,194,284980.KS,EQUITY,BANK_FINANCE,RISK,2026-09-28
304760,1,HANARO KRX300,48490,5,-330,-0.68,48464.0,-15.3547,6,0,194,304760.KS,EQUITY,OTHER,RISK,2026-09-28
404260,2,KODEX 기후변화솔루션,24235,2,460,1.93,24260.0,-10.446,374,9,194,404260.KS,EQUITY,OTHER,RISK,2026-09-28
461910,4,PLUS 미국테크TOP10레버리지(합성),38500,5,-110,-0.28,38466.0,-4.8781,244,9,193,461910.KS,EXCLUDED,OTHER,HEDGE,2026-09-28
228820,1,TIGER KTOP30,19200,2,10,0.05,19147.0,-11.5788,138,2,192,228820.KS,EQUITY,OTHER,RISK,2026-09-28
487950,4,KODEX 대만테크고배당다우존스,13155,2,35,0.27,13025.0,-9.6051,1225,16,191,487950.KS,EQUITY,DIVIDEND,RISK,2026-09-28
183710,7,RISE 주식혼합,95110,5,-395,-0.41,94543.0,-10.7556,104,9,190,183710.KS,EQUITY,OTHER,RISK,2026-09-28
229720,1,KODEX KTOP30,38020,3,0,0.0,37942.0,-12.0268,724,27,190,229720.KS,EQUITY,OTHER,RISK,2026-09-28
497780,4,KoAct 미국천연가스인프라액티브,9975,5,-10,-0.1,9860.0,-13.9566,43941,434,190,497780.KS,EQUITY,OTHER,RISK,2026-09-28
0104P0,2,TIGER 코리아배당다우존스위클리커버드콜,10925,2,50,0.46,10945.0,4.2442,1580,17,186,0104P0.KS,EQUITY,DIVIDEND,RISK,2026-09-28
445910,2,TIGER MKF배당귀족,20605,2,205,1.0,20633.0,1.8014,8064,166,185,445910.KS,EQUITY,DIVIDEND,RISK,2026-09-28
213630,4,PLUS 미국다우존스고배당주(합성 H),20095,5,-230,-1.13,20092.0,6.6369,3359,67,185,213630.KS,EQUITY,DIVIDEND,RISK,2026-09-28
0144M0,4,KODEX 미국드론UAM TOP10,6720,5,-15,-0.22,6734.0,-22.4079,5859,39,185,0144M0.KS,EQUITY,OTHER,RISK,2026-09-28
381560,2,HANARO Fn전기&수소차,17590,2,540,3.17,17586.0,-11.8404,602,10,185,381560.KS,EQUITY,OTHER,RISK,2026-09-28
445690,2,BNK 주주가치액티브,30770,5,-215,-0.69,30682.0,-6.7981,97,2,185,445690.KS,EQUITY,OTHER,RISK,2026-09-28
461900,4,PLUS 미국테크TOP10,23050,2,60,0.26,23032.0,0.371,477,10,184,461900.KS,EQUITY,OTHER,RISK,2026-09-28
276000,4,TIGER 글로벌자원생산기업(합성 H),20470,5,-430,-2.06,20500.0,9.2524,721,14,184,276000.KS,EQUITY,OTHER,RISK,2026-09-28
0223A0,2,RISE 코스닥커버드콜액티브,11465,5,-15,-0.13,11495.0,0.0,61058,698,183,0223A0.KS,EQUITY,OTHER,RISK,2026-09-28
0018Z0,4,RISE 미국양자컴퓨팅,18270,5,-145,-0.79,18290.0,-16.0002,405,7,183,0018Z0.KS,EQUITY,OTHER,RISK,2026-09-28
407310,1,HANARO 200 TOP10,16535,2,65,0.39,16531.0,-16.3423,1889,31,182,407310.KS,EQUITY,BROAD_MARKET,RISK,2026-09-28
227830,1,PLUS 코스피,72460,5,-180,-0.25,72457.0,-14.6504,6,0,181,227830.KS,EQUITY,BROAD_MARKET,RISK,2026-09-28
391670,1,HK 베스트일레븐액티브,30000,3,0,0.0,29583.0,-19.9574,0,0,180,391670.KS,EQUITY,OTHER,RISK,2026-09-28
0198B0,2,1Q 삼성전자선물단일종목레버리지,12505,5,-745,-5.62,12530.0,-34.8094,31481,400,179,0198B0.KS,EXCLUDED,OTHER,HEDGE,2026-09-28
195920,4,TIGER 일본TOPIX(합성 H),35745,2,375,1.06,35775.0,2.019,816,28,179,195920.KS,EQUITY,OTHER,RISK,2026-09-28
449580,7,RISE 테슬라애플아마존채권혼합,16200,5,-85,-0.52,16168.0,-0.7107,1684,27,178,449580.KS,DEFENSIVE,BOND,HEDGE,2026-09-28
292050,1,RISE KRX300,50720,5,-355,-0.7,50634.0,-14.5689,18,0,178,292050.KS,EQUITY,OTHER,RISK,2026-09-28
225060,4,TIGER 이머징마켓MSCI레버리지(합성 H),16695,5,-390,-2.28,16767.0,-1.6408,39,0,177,225060.KS,EXCLUDED,OTHER,HEDGE,2026-09-28
385600,2,ACE 2차전지&친환경차액티브,11790,2,265,2.3,11821.0,-10.3113,870,10,177,385600.KS,EQUITY,OTHER,RISK,2026-09-28
289260,2,TIGER MSCI KOREA ESG리더스,29445,5,-55,-0.19,29440.0,-15.6661,15,0,177,289260.KS,EQUITY,OTHER,RISK,2026-09-28
0065G0,4,KODEX 차이나테크TOP10,8200,5,-105,-1.26,8218.0,-10.2438,497,4,176,0065G0.KS,EQUITY,OTHER,RISK,2026-09-28
0105D0,2,SOL 한국AI소프트웨어,9105,2,115,1.28,9110.0,-4.7165,9088,82,173,0105D0.KS,EQUITY,AI_TECH,RISK,2026-09-28
0086C0,7,TIGER 리츠부동산인프라10채권혼합액티브,9830,5,-25,-0.25,9819.0,0.765,3228,31,172,0086C0.KS,DEFENSIVE,BOND,HEDGE,2026-09-28
415760,4,SOL 차이나육성산업액티브(합성),12635,5,-310,-2.39,12821.0,-22.3689,880,11,172,415760.KS,EQUITY,OTHER,RISK,2026-09-28
0203R0,6,WON 중단기종합채권(A-이상)액티브,50400,3,0,0.0,50424.0,0.5887,0,0,171,0203R0.KS,DEFENSIVE,BOND,HEDGE,2026-09-28
468370,6,KODEX iShares미국인플레이션국채액티브,10195,5,-135,-1.31,10223.0,-13.1675,2543,25,170,468370.KS,DEFENSIVE,BOND,HEDGE,2026-09-28
457690,6,KODEX 33-06 국고채액티브,10405,5,-75,-0.72,10395.0,0.0955,113,1,169,457690.KS,DEFENSIVE,BOND,HEDGE,2026-09-28
483330,4,ACE 마이크로소프트밸류체인액티브,15280,5,-50,-0.33,15294.0,4.5346,1228,18,168,483330.KS,EQUITY,OTHER,RISK,2026-09-28
460660,4,RISE 미국S&P배당킹,11175,5,-170,-1.5,11239.0,-7.8154,5180,57,168,460660.KS,EQUITY,DIVIDEND,RISK,2026-09-28
477490,4,에셋플러스 글로벌일등기업포커스10액티브,18580,5,-120,-0.64,18598.0,-14.2596,37,0,167,477490.KS,EQUITY,OTHER,RISK,2026-09-28
0233N0,4,RISE 글로벌AI낸드메모리반도체,11095,5,-210,-1.86,11161.0,0.0,14943,166,166,0233N0.KS,EQUITY,SEMICONDUCTOR,RISK,2026-09-28
130680,5,TIGER 원유선물Enhanced(H),7920,2,320,4.21,7930.0,27.731,9491,75,166,130680.KS,REAL_ASSET,ENERGY,DIVERSIFIER,2026-09-28
474920,4,에셋플러스 차이나일등기업포커스10액티브,17625,5,-275,-1.54,17627.0,-14.2105,117,2,166,474920.KS,EQUITY,OTHER,RISK,2026-09-28
494420,2,PLUS 미국배당증가성장주데일리커버드콜,8660,2,10,0.12,8653.0,-12.231,1357,11,165,494420.KS,EQUITY,DIVIDEND,RISK,2026-09-28
250730,4,RISE 차이나HSCEI(H),9665,2,10,0.1,9699.0,5.8662,1000,9,164,250730.KS,EQUITY,OTHER,RISK,2026-09-28
419650,4,PLUS 글로벌수소&차세대연료전지,4945,5,-105,-2.08,4829.0,-18.3509,5180,26,163,419650.KS,EQUITY,OTHER,RISK,2026-09-28
451600,6,PLUS 국고채30년액티브,82670,5,-2020,-2.39,82674.0,-2.6552,9,0,160,451600.KS,DEFENSIVE,BOND,HEDGE,2026-09-28
131890,2,ACE 삼성그룹동일가중,40005,2,215,0.54,40016.0,-5.1942,19,0,160,131890.KS,EQUITY,OTHER,RISK,2026-09-28
265690,4,ACE 러시아MSCI(합성),8535,3,0,0.0,48.0,0.0,0,0,158,265690.KS,EQUITY,OTHER,RISK,2026-09-28
219390,4,RISE 미국S&P원유생산기업(합성 H),7890,2,20,0.25,8003.0,16.5925,8761,68,158,219390.KS,REAL_ASSET,ENERGY,DIVERSIFIER,2026-09-28
332620,6,PLUS 미국장기우량회사채,83900,5,-2865,-3.3,85131.0,-14.9019,1767,148,157,332620.KS,EQUITY,OTHER,RISK,2026-09-28
432840,4,HANARO 미국S&P500,19545,2,15,0.08,19591.0,-7.3693,3213,62,156,432840.KS,EQUITY,OTHER,RISK,2026-09-28
413930,2,WON AI ESG액티브,28350,5,-35,-0.12,28236.0,-17.4735,40,1,156,413930.KS,EQUITY,AI_TECH,RISK,2026-09-28
484890,6,SOL 머니마켓액티브,52647,2,2,0.0,52645.0,0.7463,227,11,155,484890.KS,DEFENSIVE,BOND,SAFE,2026-09-28
0207Z0,4,KIWOOM 미국우주데이터센터인프라,7185,5,-140,-1.91,7184.0,-17.4183,1372,9,154,0207Z0.KS,EQUITY,OTHER,RISK,2026-09-28
488290,4,MIDAS 일본테크액티브,43875,2,1325,3.11,44589.0,-28.721,37055,1635,154,488290.KS,EQUITY,OTHER,RISK,2026-09-28
0193K0,2,PLUS 삼성전자단일종목레버리지,13350,5,-660,-4.71,13338.0,-34.179,7398,100,154,0193K0.KS,EXCLUDED,OTHER,HEDGE,2026-09-28
491510,2,파워 K-주주가치액티브,17865,2,125,0.7,17937.0,4.369,7,0,152,491510.KS,EQUITY,OTHER,RISK,2026-09-28
0222F0,2,마이티 AI데이터센터밸류체인,13175,2,70,0.53,13168.0,0.0,265,3,152,0222F0.KS,EQUITY,AI_TECH,RISK,2026-09-28
0193L0,2,PLUS 삼성전자선물단일종목인버스2X,7885,2,360,4.78,7899.0,-48.459,903112,6875,151,0193L0.KS,EXCLUDED,OTHER,HEDGE,2026-09-28
337150,2,KODEX 200exTOP,25225,2,230,0.92,25233.0,-10.5674,133,3,151,337150.KS,EQUITY,BROAD_MARKET,RISK,2026-09-28
387280,2,TIGER 퓨처모빌리티액티브,11790,2,210,1.81,11812.0,-11.8051,1044,12,150,387280.KS,EQUITY,OTHER,RISK,2026-09-28
114460,6,ACE 국고채3년,99795,5,-235,-0.23,99801.0,0.3335,49,4,150,114460.KS,DEFENSIVE,BOND,HEDGE,2026-09-28
236350,4,TIGER 인도니프티50레버리지(합성),23960,5,-635,-2.58,24064.0,-29.7286,230,5,149,236350.KS,EXCLUDED,OTHER,HEDGE,2026-09-28
0051A0,4,KoAct 브로드컴밸류체인액티브,24620,5,-80,-0.32,24599.0,-15.7572,250,6,148,0051A0.KS,EQUITY,OTHER,RISK,2026-09-28
453010,7,PLUS KOFR금리,110087,2,27,0.02,110095.0,0.6953,4124,453,148,453010.KS,DEFENSIVE,BOND,SAFE,2026-09-28
244620,2,KODEX 모멘텀Plus,21050,2,110,0.53,21094.0,-12.3116,414,8,147,244620.KS,EQUITY,OTHER,RISK,2026-09-28
104520,2,KIWOOM 블루칩,14700,2,285,1.98,14684.0,-3.369,14,0,147,104520.KS,EQUITY,OTHER,RISK,2026-09-28
0084E0,7,KIWOOM 미국대형주500월간목표헤지액티브,10050,2,10,0.1,10019.0,-11.1295,3,0,146,0084E0.KS,EQUITY,OTHER,RISK,2026-09-28
404650,2,SOL KRX기후변화솔루션,24050,2,490,2.08,24054.0,-11.2496,227,5,144,404650.KS,EQUITY,OTHER,RISK,2026-09-28
234310,2,RISE V&S셀렉트밸류,28835,2,115,0.4,28667.0,-3.705,1,0,144,234310.KS,EQUITY,OTHER,RISK,2026-09-28
453630,4,KODEX 미국S&P500필수소비재,11815,5,-100,-0.84,11850.0,-9.5629,1247,14,142,453630.KS,EQUITY,OTHER,RISK,2026-09-28
438900,2,HANARO Fn K-푸드,10820,2,80,0.74,10828.0,6.7512,2809,30,141,438900.KS,EQUITY,OTHER,RISK,2026-09-28
373490,2,KODEX 코리아혁신성장액티브,25420,2,545,2.19,25384.0,-16.4849,206,5,140,373490.KS,EQUITY,OTHER,RISK,2026-09-28
0088N0,2,WON K-글로벌수급상위,11150,2,60,0.54,11179.0,-7.0411,821,9,139,0088N0.KS,EQUITY,OTHER,RISK,2026-09-28
496130,1,TRUSTON 코리아밸류업액티브,25720,5,-160,-0.62,25682.0,-13.9056,3,0,139,496130.KS,EQUITY,OTHER,RISK,2026-09-28
0090B0,2,PLUS K방산소부장,7065,2,180,2.61,7090.0,-15.3137,9650,67,138,0090B0.KS,EQUITY,OTHER,RISK,2026-09-28
0153P0,2,ACE 리츠부동산인프라액티브,9485,5,-45,-0.47,9479.0,4.5721,137,1,138,0153P0.KS,EQUITY,OTHER,RISK,2026-09-28
485810,4,TIME 글로벌바이오액티브,11935,2,250,2.14,11969.0,8.8495,4387,52,137,485810.KS,EQUITY,BIO_HEALTHCARE,RISK,2026-09-28
487750,2,BNK 온디바이스AI,34300,5,-185,-0.54,34341.0,-12.33,123,4,137,487750.KS,EQUITY,AI_TECH,RISK,2026-09-28
102960,2,KODEX 기계장비,13495,2,220,1.66,13488.0,-15.2299,790,10,135,102960.KS,EQUITY,OTHER,RISK,2026-09-28
472720,1,TRUSTON 주주가치액티브,25855,5,-145,-0.56,25865.0,-10.0502,300,7,134,472720.KS,EQUITY,OTHER,RISK,2026-09-28
417450,4,RISE 글로벌수소경제,15800,5,-25,-0.16,15785.0,-21.6013,105,1,134,417450.KS,EQUITY,OTHER,RISK,2026-09-28
137610,5,TIGER 농산물선물Enhanced(H),5815,5,-75,-1.27,5834.0,17.2139,3292,19,134,137610.KS,REAL_ASSET,AGRICULTURE,DIVERSIFIER,2026-09-28
0127V0,4,KIWOOM 미국S&P500 TOP10&배당다우비중전환,10685,5,-105,-0.97,10742.0,-2.344,1176,12,134,0127V0.KS,EQUITY,DIVIDEND,RISK,2026-09-28
453820,4,KODEX 인도Nifty50레버리지(합성),10255,5,-215,-2.05,10189.0,-26.3455,125,1,133,453820.KS,EXCLUDED,OTHER,HEDGE,2026-09-28
0127T0,4,KIWOOM 미국S&P500&배당다우존스비중전환,10890,2,15,0.14,10878.0,-7.3953,518,5,131,0127T0.KS,EQUITY,DIVIDEND,RISK,2026-09-28
0013P0,4,RISE 미국은행TOP10,11865,5,-120,-1.0,11897.0,-13.7025,7786,92,131,0013P0.KS,EQUITY,BANK_FINANCE,RISK,2026-09-28
279540,2,KODEX 최소변동성,21660,2,295,1.38,21657.0,-7.7812,43,0,130,279540.KS,EQUITY,OTHER,RISK,2026-09-28
0004G0,4,1Q 미국배당TOP30,8607,5,-73,-0.84,8560.0,-7.4256,4024,34,129,0004G0.KS,EQUITY,DIVIDEND,RISK,2026-09-28
0208N0,1,IBK 코스피액티브,7785,5,-75,-0.95,7770.0,-17.6533,83,0,128,0208N0.KS,EQUITY,BROAD_MARKET,RISK,2026-09-28
363510,6,SOL KIS단기통안채,112290,3,0,0.0,112297.0,0.5687,0,0,128,363510.KS,EQUITY,OTHER,RISK,2026-09-28
0028X0,4,KODEX 미국금융테크액티브,11120,5,-95,-0.85,11151.0,-1.3741,101,1,128,0028X0.KS,EQUITY,BANK_FINANCE,RISK,2026-09-28
300610,2,TIGER K게임,5435,2,75,1.4,5437.0,-0.4643,530,2,128,300610.KS,EQUITY,OTHER,RISK,2026-09-28
410870,2,TIME K컬처액티브,9060,2,120,1.34,9080.0,-11.7909,1078,9,127,410870.KS,EQUITY,OTHER,RISK,2026-09-28
360150,2,KODEX 코스닥150롱코스피200숏선물,3085,2,100,3.35,3091.0,-1.4852,24350,73,126,360150.KS,EQUITY,BROAD_MARKET,RISK,2026-09-28
140710,2,KODEX 운송,6640,2,45,0.68,6632.0,12.8112,1681,11,126,140710.KS,EQUITY,OTHER,RISK,2026-09-28
166400,3,TIGER 200커버드콜OTM,25215,5,-85,-0.34,25178.0,9.8988,187,4,126,166400.KS,EQUITY,BROAD_MARKET,RISK,2026-09-28
0104G0,2,PLUS K방산레버리지,5480,2,155,2.91,5512.0,-42.6186,38077,200,126,0104G0.KS,EXCLUDED,OTHER,HEDGE,2026-09-28
409810,4,KODEX 미국나스닥100선물인버스(H),5350,2,35,0.66,5340.0,-3.4515,25679,137,126,409810.KS,EXCLUDED,OTHER,HEDGE,2026-09-28
290080,3,RISE 200고배당커버드콜ATM,7395,2,80,1.09,7336.0,31.8535,1429,10,126,290080.KS,EQUITY,DIVIDEND,RISK,2026-09-28
0015F0,7,KIWOOM 팔란티어미국30년국채혼합액티브(H),10470,5,-105,-0.99,10493.0,8.0574,265,2,126,0015F0.KS,DEFENSIVE,BOND,HEDGE,2026-09-28
489860,4,KIWOOM 글로벌전력GRID인프라,14765,5,-135,-0.91,14710.0,-18.3962,842,12,126,489860.KS,EQUITY,OTHER,RISK,2026-09-28
0194R0,2,KIWOOM SK하이닉스선물단일종목레버리지,9295,5,-525,-5.35,9326.0,-63.2592,467,4,125,0194R0.KS,EXCLUDED,OTHER,HEDGE,2026-09-28
0220A0,7,KIWOOM 현대차그룹TOP3채권혼합50,8830,2,70,0.8,8831.0,0.0,253,2,124,0220A0.KS,DEFENSIVE,BOND,HEDGE,2026-09-28
453060,6,HANARO KOFR금리액티브(합성),111655,3,0,0.0,111616.0,0.7443,0,0,123,453060.KS,DEFENSIVE,BOND,SAFE,2026-09-28
435550,7,KIWOOM TDF2050액티브 적격,17390,5,-195,-1.11,17450.0,-9.8036,533,9,122,435550.KS,EQUITY,OTHER,RISK,2026-09-28
404540,2,TIGER KRX기후변화솔루션,24220,2,490,2.06,24260.0,-11.2766,12293,294,121,404540.KS,EQUITY,OTHER,RISK,2026-09-28
140580,2,RISE 우량업종대표주,24170,2,265,1.11,24172.0,-9.8775,17,0,121,140580.KS,EQUITY,OTHER,RISK,2026-09-28
396510,4,TIGER 차이나클린에너지SOLACTIVE,6710,5,-90,-1.32,6737.0,-24.9863,507,3,121,396510.KS,EQUITY,ENERGY,RISK,2026-09-28
251590,2,PLUS 고배당저변동50,17210,2,50,0.29,17285.0,6.1176,353,6,120,251590.KS,EQUITY,DIVIDEND,RISK,2026-09-28
395760,2,PLUS ESG성장주액티브,21900,5,-10,-0.05,21862.0,-12.2372,4,0,120,395760.KS,EQUITY,OTHER,RISK,2026-09-28
400570,4,KODEX 유럽탄소배출권선물ICE(H),11900,5,-10,-0.08,11898.0,5.3982,408,4,120,400570.KS,EQUITY,OTHER,RISK,2026-09-28
457700,6,KODEX 53-09 국고채액티브,9020,5,-155,-1.69,8981.0,-3.064,260,2,119,457700.KS,DEFENSIVE,BOND,HEDGE,2026-09-28
332610,6,PLUS 미국단기회사채(AAA~A),123175,5,-75,-0.06,123163.0,-11.4861,43,5,118,332610.KS,EQUITY,OTHER,RISK,2026-09-28
0203D0,7,PLUS 200위클리커버드콜채권혼합,9080,5,-55,-0.6,9072.0,-7.8832,5068,46,118,0203D0.KS,DEFENSIVE,BOND,HEDGE,2026-09-28
282000,3,RISE 국고채3년선물인버스,115630,2,420,0.36,115602.0,0.7344,1,0,118,282000.KS,EXCLUDED,BOND,HEDGE,2026-09-28
266410,2,KODEX 필수소비재,9575,2,25,0.26,9583.0,12.1862,1057,10,115,266410.KS,EQUITY,OTHER,RISK,2026-09-28
428560,4,KODEX 미국ETF산업Top10 Indxx,15215,2,115,0.76,15236.0,-4.7127,403,6,114,428560.KS,EQUITY,OTHER,RISK,2026-09-28
435040,4,ACE 글로벌브랜드TOP10,18930,2,35,0.19,18910.0,-6.5484,342,6,114,435040.KS,EQUITY,OTHER,RISK,2026-09-28
453660,4,KODEX 미국S&P500경기소비재,16225,5,-180,-1.1,16260.0,-12.5884,105,1,114,453660.KS,EQUITY,OTHER,RISK,2026-09-28
0000H0,2,KODEX 인도Nifty미드캡100,9865,5,-195,-1.94,9842.0,-13.6402,398,3,113,0000H0.KS,EQUITY,OTHER,RISK,2026-09-28
269370,4,TIGER S&P글로벌인프라(합성),16055,5,-185,-1.14,15985.0,-16.2922,94,1,112,269370.KS,EQUITY,OTHER,RISK,2026-09-28
269530,4,PLUS S&P글로벌인프라,18620,5,-225,-1.19,18647.0,-16.6444,1048,19,112,269530.KS,EQUITY,OTHER,RISK,2026-09-28
430500,7,KIWOOM 물가채KIS,111710,5,-1275,-1.13,111724.0,-0.5546,42,4,112,430500.KS,EQUITY,OTHER,RISK,2026-09-28
252650,1,KODEX 200동일가중,18565,2,260,1.42,18578.0,0.3373,434,8,111,252650.KS,EQUITY,BROAD_MARKET,RISK,2026-09-28
354240,7,RISE 미국고정배당우선증권,10085,5,-195,-1.9,10063.0,-12.6964,643,6,111,354240.KS,EQUITY,BANK_FINANCE,RISK,2026-09-28
407820,2,에셋플러스 코리아플랫폼액티브,6160,2,5,0.08,6169.0,-13.7352,22,0,111,407820.KS,EQUITY,OTHER,RISK,2026-09-28
446700,2,RISE 배터리 리사이클링,10550,2,350,3.43,10550.0,1.442,423,4,110,446700.KS,EQUITY,OTHER,RISK,2026-09-28
448490,6,HANARO 32-10 국고채액티브,52220,5,-520,-0.99,52326.0,-0.4906,597,31,110,448490.KS,DEFENSIVE,BOND,HEDGE,2026-09-28
0093B0,4,RISE 엔비디아고정테크100,12820,5,-55,-0.43,12828.0,-3.9864,129,1,109,0093B0.KS,EQUITY,OTHER,RISK,2026-09-28
0002C0,4,에셋플러스 인도일등기업포커스20액티브,10070,5,-40,-0.4,10069.0,-4.9813,31,0,109,0002C0.KS,EQUITY,OTHER,RISK,2026-09-28
0191S0,1,IBK 코스닥150,14490,2,230,1.61,14566.0,-10.8193,27,0,107,0191S0.KS,EQUITY,BROAD_MARKET,RISK,2026-09-28
0227L0,4,HANARO 미국에이전틱AI TOP2+,10610,2,35,0.33,10653.0,0.0,26319,279,106,0227L0.KS,EQUITY,AI_TECH,RISK,2026-09-28
0224D0,4,KIWOOM 미국CPU반도체TOP4+,11150,5,-85,-0.76,11165.0,0.0,20988,235,106,0224D0.KS,EQUITY,SEMICONDUCTOR,RISK,2026-09-28
419420,4,KODEX 미국클린에너지나스닥,8825,5,-90,-1.01,8807.0,-30.476,1318,11,106,419420.KS,EQUITY,ENERGY,RISK,2026-09-28
280920,2,PLUS 주도업종,23520,2,175,0.75,23484.0,-15.432,3,0,106,280920.KS,EQUITY,OTHER,RISK,2026-09-28
0219B0,2,KoAct 광통신&위성네트워크액티브,12440,2,205,1.68,12448.0,0.0,60449,748,106,0219B0.KS,EQUITY,OTHER,RISK,2026-09-28
0216Z0,2,ACE K방산TOP5+,8790,2,105,1.21,8810.0,0.0,9156,79,105,0216Z0.KS,EQUITY,OTHER,RISK,2026-09-28
451150,4,에셋플러스 글로벌영에이지액티브,16985,5,-40,-0.23,17028.0,-10.2294,2,0,105,451150.KS,EQUITY,OTHER,RISK,2026-09-28
272570,6,RISE 중장기국공채액티브,107300,5,-415,-0.39,107237.0,0.2839,1,0,105,272570.KS,EQUITY,OTHER,RISK,2026-09-28
0068M0,4,KODEX 미국S&P500버퍼6월액티브,11680,5,-30,-0.26,11703.0,-6.4323,7,0,105,0068M0.KS,EQUITY,OTHER,RISK,2026-09-28
140570,2,RISE 수출주,26140,2,400,1.55,26200.0,-5.5933,5255,137,105,140570.KS,EQUITY,OTHER,RISK,2026-09-28
464610,2,SOL 의료기기소부장Fn,6715,2,80,1.21,6728.0,-15.8529,8067,54,104,464610.KS,EQUITY,OTHER,RISK,2026-09-28
385710,2,TIME K이노베이션액티브,10370,2,380,3.8,10359.0,-21.2766,157,1,104,385710.KS,EQUITY,OTHER,RISK,2026-09-28
0189Z0,2,DAISHIN 금융&지주고배당,10355,2,125,1.22,10385.0,6.9418,2488,25,104,0189Z0.KS,EQUITY,BANK_FINANCE,RISK,2026-09-28
310080,4,RISE 중국MSCI China(H),9000,5,-180,-1.96,9006.0,4.3181,211,1,104,310080.KS,EQUITY,OTHER,RISK,2026-09-28
0113G0,4,KoAct 미국바이오헬스케어액티브,11485,2,20,0.17,11502.0,5.28,996,11,103,0113G0.KS,EQUITY,BIO_HEALTHCARE,RISK,2026-09-28
438740,2,MIDAS 중소형액티브,34220,2,460,1.36,34293.0,-10.0334,10,0,103,438740.KS,EQUITY,OTHER,RISK,2026-09-28
291130,4,ACE MSCI멕시코(합성),17020,5,-180,-1.05,17131.0,-14.4279,36,0,102,291130.KS,EQUITY,OTHER,RISK,2026-09-28
237440,7,TIGER 경기방어채권혼합,10150,2,45,0.45,10141.0,1.354,375,3,102,237440.KS,DEFENSIVE,BOND,HEDGE,2026-09-28
371870,4,ACE 차이나항셍테크,6325,5,-50,-0.78,6265.0,-11.1499,371,2,101,371870.KS,EQUITY,OTHER,RISK,2026-09-28
463640,4,KODEX 미국S&P500유틸리티,12560,5,-350,-2.71,12499.0,-17.0937,551,6,100,463640.KS,EQUITY,OTHER,RISK,2026-09-28
460270,6,KIWOOM 미국달러SOFR금리액티브(합성),12395,2,35,0.28,12397.0,-10.5968,67,0,100,460270.KS,DEFENSIVE,USD,SAFE,2026-09-28
482030,2,KoAct 반도체&2차전지핵심소재액티브,9505,2,250,2.7,9528.0,-9.2203,2012,18,100,482030.KS,EQUITY,SEMICONDUCTOR,RISK,2026-09-28
463690,4,KODEX 미국S&P500커뮤니케이션,17750,5,-120,-0.67,17783.0,-4.2553,449,7,98,463690.KS,EQUITY,OTHER,RISK,2026-09-28
281990,2,RISE 중소형고배당,17700,2,220,1.26,17695.0,5.1517,13,0,97,281990.KS,EQUITY,DIVIDEND,RISK,2026-09-28
0001P0,2,마이티 바이오시밀러&CDMO액티브,8670,2,85,0.99,8671.0,-6.9377,64,0,97,0001P0.KS,EQUITY,BIO_HEALTHCARE,RISK,2026-09-28
0094L0,4,RISE 차이나테크TOP10위클리타겟커버드콜,6915,5,-125,-1.78,6853.0,-13.1873,448,3,97,0094L0.KS,EQUITY,OTHER,RISK,2026-09-28
0242S0,2,파워 SK그룹,10690,5,-60,-0.56,10683.0,0.0,3252,34,96,0242S0.KS,EQUITY,OTHER,RISK,2026-09-28
181480,7,ACE 미국부동산리츠(합성 H),80170,5,-2020,-2.46,80141.0,-1.5507,19,1,96,181480.KS,EQUITY,OTHER,RISK,2026-09-28
0120J0,2,BNK 카카오그룹포커스,7690,2,60,0.79,7695.0,1.8012,2792,21,96,0120J0.KS,EQUITY,OTHER,RISK,2026-09-28
230480,7,KIWOOM 미국달러선물인버스2X,4770,5,-20,-0.42,4788.0,27.5632,159,0,96,230480.KS,EXCLUDED,USD,HEDGE,2026-09-28
139240,2,TIGER 200 철강소재,10875,2,45,0.42,10871.0,6.9101,17409,187,96,139240.KS,EQUITY,BROAD_MARKET,RISK,2026-09-28
487910,4,ACE 인도컨슈머파워액티브,7970,5,-35,-0.44,7968.0,-12.8945,276,2,96,487910.KS,EQUITY,OTHER,RISK,2026-09-28
429010,4,TIGER 미국나스닥넥스트100,19020,5,-135,-0.7,19050.0,-7.5085,116,2,95,429010.KS,EQUITY,OTHER,RISK,2026-09-28
461580,1,TIGER 코스닥글로벌,15810,2,290,1.87,15856.0,-10.1072,5941,92,95,461580.KS,EQUITY,OTHER,RISK,2026-09-28
0194N0,2,KIWOOM 삼성전자선물단일종목레버리지,12195,5,-655,-5.1,12172.0,-33.8869,573,7,95,0194N0.KS,EXCLUDED,OTHER,HEDGE,2026-09-28
301400,1,PLUS 코스닥150,14490,2,240,1.68,14588.0,-11.5731,3279,47,94,301400.KS,EQUITY,BROAD_MARKET,RISK,2026-09-28
117690,4,TIGER 차이나항셍30,18770,5,-140,-0.74,18745.0,-4.5673,84,1,94,117690.KS,EQUITY,OTHER,RISK,2026-09-28
0227K0,4,RISE 미국우주위성통신,9315,5,-100,-1.06,9305.0,0.0,2928,27,93,0227K0.KS,EQUITY,OTHER,RISK,2026-09-28
498050,2,HANARO 바이오코리아액티브,9760,2,95,0.98,9799.0,-17.3932,107,1,93,498050.KS,EQUITY,BIO_HEALTHCARE,RISK,2026-09-28
354350,4,HANARO 글로벌럭셔리S&P(합성),17725,5,-70,-0.39,17705.0,-19.0217,172,3,92,354350.KS,EQUITY,OTHER,RISK,2026-09-28
341850,7,TIGER 리츠부동산인프라채권,4580,5,-15,-0.33,4577.0,4.8699,2852,13,92,341850.KS,DEFENSIVE,BOND,HEDGE,2026-09-28
0174R0,4,KIWOOM 미국성장다우존스,11400,5,-5,-0.04,11410.0,-2.6849,422,4,91,0174R0.KS,EQUITY,OTHER,RISK,2026-09-28
399580,4,RISE 글로벌클린에너지,9100,5,-200,-2.15,9093.0,-25.9924,547,4,91,399580.KS,EQUITY,ENERGY,RISK,2026-09-28
0084D0,7,KIWOOM 미국테크100월간목표헤지액티브,11350,3,0,0.0,11328.0,-10.9303,11,0,91,0084D0.KS,EQUITY,OTHER,RISK,2026-09-28
466810,2,BNK 2차전지양극재,6030,2,220,3.79,6034.0,-0.7686,16651,99,90,466810.KS,EQUITY,OTHER,RISK,2026-09-28
456250,4,KODEX 유럽명품TOP10 STOXX,7850,5,-80,-1.01,7830.0,-18.6888,1194,9,90,456250.KS,EQUITY,OTHER,RISK,2026-09-28
266390,2,KODEX 경기소비재,15005,2,130,0.87,15013.0,-4.5018,34,0,90,266390.KS,EQUITY,OTHER,RISK,2026-09-28
494180,4,TIME 글로벌소비트렌드액티브,12795,5,-60,-0.47,12798.0,-4.8835,372,4,90,494180.KS,EQUITY,OTHER,RISK,2026-09-28
497510,4,ACE 글로벌빅파마,12795,2,105,0.83,12771.0,-3.6259,10,0,90,497510.KS,EQUITY,OTHER,RISK,2026-09-28
0216K0,7,KIWOOM 미국우주테크TOP2채권혼합50,8935,2,10,0.11,8938.0,0.0,6050,54,89,0216K0.KS,DEFENSIVE,BOND,HEDGE,2026-09-28
217780,4,TIGER 차이나CSI300인버스(합성),5730,2,100,1.78,5766.0,20.6859,613,3,89,217780.KS,EXCLUDED,OTHER,HEDGE,2026-09-28
395150,2,KODEX 웹툰&드라마,1845,2,22,1.21,1850.0,4.1119,1022,1,89,395150.KS,EQUITY,OTHER,RISK,2026-09-28
381570,2,HANARO Fn친환경에너지,10400,2,460,4.63,10422.0,-4.8804,993,10,88,381570.KS,EQUITY,ENERGY,RISK,2026-09-28
0221Z0,2,ACE K바이오코스닥액티브,9265,2,285,3.17,9319.0,0.0,4233,39,88,0221Z0.KS,EQUITY,BIO_HEALTHCARE,RISK,2026-09-28
270800,2,RISE KQ고배당,15955,2,285,1.82,15959.0,1.2911,45,0,88,270800.KS,EQUITY,DIVIDEND,RISK,2026-09-28
252000,1,TIGER 200동일가중,19435,2,275,1.44,19445.0,0.4599,6,0,87,252000.KS,EQUITY,BROAD_MARKET,RISK,2026-09-28
215620,2,HK S&P코리아로우볼,16065,3,0,0.0,16091.0,7.3504,0,0,87,215620.KS,EQUITY,OTHER,RISK,2026-09-28
0184N0,7,PLUS 은채권혼합,8625,5,-160,-1.82,8677.0,-2.4431,1807,15,86,0184N0.KS,DEFENSIVE,BOND,HEDGE,2026-09-28
105010,4,TIGER 라틴35,6150,5,-170,-2.69,6181.0,-9.1575,502,3,86,105010.KS,EQUITY,OTHER,RISK,2026-09-28
0133E0,4,TIGER 차이나증권,8170,5,-205,-2.45,8191.0,-16.8735,81,0,86,0133E0.KS,EQUITY,BANK_FINANCE,RISK,2026-09-28
0067Y0,4,TIGER 차이나AI소프트웨어,9505,5,-125,-1.3,9464.0,-28.4813,579,5,86,0067Y0.KS,EQUITY,AI_TECH,RISK,2026-09-28
375270,7,RISE 글로벌데이터센터리츠(합성),13130,5,-645,-4.68,13065.0,-17.4903,124,1,85,375270.KS,EQUITY,OTHER,RISK,2026-09-28
429980,7,SOL 한국형글로벌전기차&2차전지액티브,17015,2,75,0.44,17122.0,-19.1409,150,2,85,429980.KS,EQUITY,OTHER,RISK,2026-09-28
0008E0,4,ACE 미국중심중소형제조업,11320,5,-90,-0.79,11347.0,-28.4864,18,0,85,0008E0.KS,EQUITY,OTHER,RISK,2026-09-28
457930,2,BNK 미래전략기술액티브,28230,2,280,1.0,28084.0,-9.5909,36,1,85,457930.KS,EQUITY,OTHER,RISK,2026-09-28
435540,7,KIWOOM TDF2040액티브 적격,16915,5,-95,-0.56,16919.0,-10.578,96,1,85,435540.KS,EQUITY,OTHER,RISK,2026-09-28
497520,4,ACE 일라이릴리밸류체인,12955,2,70,0.54,12990.0,2.5059,331,4,84,497520.KS,EQUITY,OTHER,RISK,2026-09-28
0219Z0,4,HANARO 미국S&P500액티브,10495,5,-25,-0.24,10485.0,0.0,178,1,84,0219Z0.KS,EQUITY,OTHER,RISK,2026-09-28
395750,2,PLUS ESG가치주액티브,20870,5,-90,-0.43,20904.0,-14.2916,1,0,83,395750.KS,EQUITY,OTHER,RISK,2026-09-28
449680,7,TIGER 한중전기차(합성),9795,5,-10,-0.1,9861.0,-21.7791,21,0,83,449680.KS,EQUITY,OTHER,RISK,2026-09-28
174350,2,TIGER 로우볼,20700,2,5,0.02,20734.0,8.8794,261,5,83,174350.KS,EQUITY,OTHER,RISK,2026-09-28
0226D0,7,FOCUS 금융반도체지주채권혼합50액티브,10335,5,-45,-0.43,10335.0,0.0,1595,16,83,0226D0.KS,DEFENSIVE,SEMICONDUCTOR,HEDGE,2026-09-28
462340,4,에셋플러스 글로벌다이나믹시니어액티브,16450,2,45,0.27,16489.0,-1.8547,78,1,82,462340.KS,EQUITY,OTHER,RISK,2026-09-28
182490,6,TIGER 단기선진하이일드(합성 H),13700,5,-135,-0.98,13659.0,0.3991,36,0,82,182490.KS,EQUITY,OTHER,RISK,2026-09-28
371150,4,RISE 차이나항셍테크,6275,5,-40,-0.63,6242.0,-12.797,409,2,82,371150.KS,EQUITY,OTHER,RISK,2026-09-28
0215T0,4,HANARO 미국AI광통신TOP10,9050,5,-90,-0.98,9053.0,0.0,3415,30,81,0215T0.KS,EQUITY,AI_TECH,RISK,2026-09-28
0226G0,2,WON 피지컬AI TOP2플러스액티브,12455,2,55,0.44,12454.0,0.0,533,6,81,0226G0.KS,EQUITY,AI_TECH,RISK,2026-09-28
0214M0,2,MIDAS 바이오헬스케어액티브,9435,2,105,1.13,9530.0,0.0,110,1,80,0214M0.KS,EQUITY,BIO_HEALTHCARE,RISK,2026-09-28
395280,2,HANARO Fn K-게임,3405,2,55,1.64,3417.0,-5.0992,103,0,80,395280.KS,EQUITY,OTHER,RISK,2026-09-28
227550,2,TIGER 200 산업재,12310,2,165,1.36,12313.0,-2.9953,9314,114,79,227550.KS,EQUITY,BROAD_MARKET,RISK,2026-09-28
480460,7,WON 한국부동산TOP3플러스,9225,5,-15,-0.16,9211.0,3.2653,69,0,78,480460.KS,EQUITY,OTHER,RISK,2026-09-28
189400,4,PLUS 글로벌MSCI(합성 H),25930,5,-140,-0.54,25872.0,1.9155,9,0,78,189400.KS,EQUITY,OTHER,RISK,2026-09-28
304670,6,KODEX 미국30년국채울트라선물인버스(H),12885,2,475,3.83,12887.0,4.5492,43,0,77,304670.KS,EXCLUDED,BOND,HEDGE,2026-09-28
261110,7,TIGER 미국달러선물레버리지,15450,5,-25,-0.16,15473.0,-21.6655,411,6,77,261110.KS,EXCLUDED,USD,HEDGE,2026-09-28
0176P0,2,FOCUS AI반도체위클리고정커버드콜,13957,5,-123,-0.87,14016.0,-10.4143,18081,254,77,0176P0.KS,EQUITY,SEMICONDUCTOR,RISK,2026-09-28
285690,2,FOCUS ESG리더스,21765,2,260,1.21,21778.0,-7.5452,2,0,76,285690.KS,EQUITY,OTHER,RISK,2026-09-28
227570,2,TIGER 우량가치,21020,2,295,1.42,20921.0,6.7198,4605,96,76,227570.KS,EQUITY,OTHER,RISK,2026-09-28
494210,4,SOL 미국500타겟데일리커버드콜액티브,10785,5,-60,-0.55,10795.0,-6.4183,1221,13,75,494210.KS,EQUITY,OTHER,RISK,2026-09-28
435530,7,KIWOOM TDF2030액티브 적격,14990,5,-100,-0.66,14987.0,-9.965,28,0,75,435530.KS,EQUITY,OTHER,RISK,2026-09-28
487920,4,ACE 인도시장대표BIG5그룹액티브,7475,5,-105,-1.39,7469.0,-14.3019,334,2,75,487920.KS,EQUITY,OTHER,RISK,2026-09-28
0172Y0,2,ACE K수출핵심TOP10산업액티브,9330,2,85,0.92,9327.0,-16.4483,330,3,75,0172Y0.KS,EQUITY,OTHER,RISK,2026-09-28
0218K0,2,BNK 스마트카,10630,2,170,1.63,10629.0,0.0,1,0,74,0218K0.KS,EQUITY,OTHER,RISK,2026-09-28
139660,7,KIWOOM 미국달러선물인버스,8550,2,10,0.12,8544.0,13.1875,55,0,74,139660.KS,EXCLUDED,USD,HEDGE,2026-09-28
225800,7,KIWOOM 미국달러선물레버리지,14515,3,0,0.0,14552.0,-21.6465,4756,69,74,225800.KS,EXCLUDED,USD,HEDGE,2026-09-28
402460,2,HANARO Fn K-메타버스MZ,14700,2,390,2.73,14704.0,-9.4975,110,1,74,402460.KS,EQUITY,OTHER,RISK,2026-09-28
0138D0,2,RISE 동학개미,13200,5,-55,-0.41,13268.0,-13.9566,318,4,73,0138D0.KS,EQUITY,OTHER,RISK,2026-09-28
253280,2,RISE 헬스케어,12100,2,360,3.07,12118.0,-9.1332,590,7,73,253280.KS,EQUITY,BIO_HEALTHCARE,RISK,2026-09-28
0005C0,6,RISE 미국S&P500엔화노출(합성 H),11160,5,-40,-0.36,11189.0,-5.3255,507,5,73,0005C0.KS,EQUITY,OTHER,RISK,2026-09-28
0094X0,4,1Q 샤오미밸류체인액티브,8055,5,-105,-1.29,8066.0,-8.4619,292,2,72,0094X0.KS,EQUITY,OTHER,RISK,2026-09-28
437370,4,RISE 글로벌농업경제,10355,5,-45,-0.43,10311.0,-2.5086,412,4,72,437370.KS,EQUITY,OTHER,RISK,2026-09-28
315270,2,TIGER 200커뮤니케이션서비스,18920,2,425,2.3,18907.0,-4.8494,122,2,72,315270.KS,EQUITY,BROAD_MARKET,RISK,2026-09-28
225050,4,TIGER 유로스탁스레버리지(합성 H),15945,5,-110,-0.69,15937.0,0.3437,188,3,72,225050.KS,EXCLUDED,OTHER,HEDGE,2026-09-28
488480,4,RISE 일본섹터TOP4Plus,13030,2,180,1.4,13068.0,-10.1039,2210,28,72,488480.KS,EQUITY,OTHER,RISK,2026-09-28
256450,4,PLUS 심천차이넥스트(합성),14180,5,-355,-2.44,14224.0,-28.6976,17,0,71,256450.KS,EQUITY,OTHER,RISK,2026-09-28
244670,2,KODEX 밸류Plus,11645,2,140,1.22,11656.0,6.3782,7015,81,70,244670.KS,EQUITY,OTHER,RISK,2026-09-28
400590,4,SOL 글로벌탄소배출권선물ICE(합성),13935,2,185,1.35,13898.0,-9.5693,103,1,70,400590.KS,EQUITY,OTHER,RISK,2026-09-28
0082F0,4,HANARO 유럽방산,9880,5,-60,-0.6,9834.0,-8.4293,13,0,69,0082F0.KS,EQUITY,OTHER,RISK,2026-09-28
176950,6,KODEX 국채선물10년인버스,61360,2,665,1.1,61339.0,1.7263,347,21,66,176950.KS,EXCLUDED,BOND,HEDGE,2026-09-28
450180,7,KODEX 한중전기차(합성),10160,2,55,0.54,10141.0,-21.4536,7,0,66,450180.KS,EQUITY,OTHER,RISK,2026-09-28
289670,6,PLUS 국채선물10년,51455,5,-565,-1.09,51532.0,-0.2971,97,5,66,289670.KS,DEFENSIVE,BOND,HEDGE,2026-09-28
326230,2,RISE 내수주플러스,10955,2,150,1.39,10953.0,-2.482,3,0,66,326230.KS,EQUITY,OTHER,RISK,2026-09-28
138920,5,KODEX 콩선물(H),13055,2,30,0.23,13041.0,15.7263,11,0,65,138920.KS,EQUITY,OTHER,RISK,2026-09-28
0191B0,1,MIDAS 코스닥액티브,32560,5,-30,-0.09,32873.0,-3.1645,353,11,65,0191B0.KS,EQUITY,OTHER,RISK,2026-09-28
456200,6,PLUS 미국달러SOFR금리액티브(합성),58965,3,0,0.0,59030.0,-11.0164,5,0,65,456200.KS,DEFENSIVE,USD,SAFE,2026-09-28
139290,2,TIGER 200 경기소비재,23150,2,70,0.3,23368.0,-17.2464,1,0,65,139290.KS,EQUITY,BROAD_MARKET,RISK,2026-09-28
0036Z0,4,RISE 미국천연가스밸류체인,11780,5,-165,-1.38,11829.0,-9.8312,343,4,65,0036Z0.KS,EQUITY,OTHER,RISK,2026-09-28
0047N0,4,PLUS 차이나AI테크TOP10,9125,5,-180,-1.93,9120.0,-11.5495,90,0,64,0047N0.KS,EQUITY,AI_TECH,RISK,2026-09-28
250780,3,TIGER 코스닥150선물인버스,2365,5,-35,-1.46,2358.0,1.6949,19734,46,63,250780.KS,EXCLUDED,BROAD_MARKET,HEDGE,2026-09-28
429740,7,PLUS K리츠,6165,5,-25,-0.4,6172.0,4.4604,2099,12,62,429740.KS,EQUITY,OTHER,RISK,2026-09-28
307510,2,TIGER 의료기기,12280,2,295,2.46,12318.0,-9.0339,5642,69,61,307510.KS,EQUITY,OTHER,RISK,2026-09-28
469530,3,RISE 미국달러선물인버스,9580,2,20,0.21,9569.0,13.4718,51,0,61,469530.KS,EXCLUDED,USD,HEDGE,2026-09-28
400580,4,SOL 유럽탄소배출권선물S&P(H),12250,2,50,0.41,12244.0,5.4451,47,0,61,400580.KS,EQUITY,OTHER,RISK,2026-09-28
368680,2,KODEX K-뉴딜디지털플러스,7650,2,135,1.8,7682.0,-0.1276,9,0,61,368680.KS,EQUITY,OTHER,RISK,2026-09-28
316300,7,ACE 싱가포르리츠,12135,5,-215,-1.74,12110.0,-13.7437,113,1,61,316300.KS,EQUITY,OTHER,RISK,2026-09-28
483020,2,KIWOOM 의료AI,9275,2,325,3.63,9273.0,-1.4318,11519,106,60,483020.KS,EQUITY,AI_TECH,RISK,2026-09-28
0166T0,4,PLUS 글로벌저작권핵심기업액티브,9090,5,-125,-1.36,9151.0,-5.7771,28,0,59,0166T0.KS,EQUITY,OTHER,RISK,2026-09-28
433250,1,UNICORN R&D 액티브,23570,5,-30,-0.13,23486.0,-14.7553,4,0,59,433250.KS,EQUITY,OTHER,RISK,2026-09-28
314700,2,HANARO 농업융복합산업,10665,2,145,1.38,10682.0,-2.7143,19,0,59,314700.KS,EQUITY,OTHER,RISK,2026-09-28
0053M0,2,더제이 중소형포커스액티브,13015,2,80,0.62,13013.0,-5.584,23,0,59,0053M0.KS,EQUITY,OTHER,RISK,2026-09-28
451670,6,RISE 국채30년레버리지(합성),11695,5,-485,-3.98,11595.0,-7.9018,195,2,58,451670.KS,EXCLUDED,BOND,HEDGE,2026-09-28
267450,6,RISE 미국장기국채선물인버스(H),11615,2,365,3.24,11570.0,4.944,44,0,58,267450.KS,EXCLUDED,BOND,HEDGE,2026-09-28
0114X0,4,RISE 글로벌게임테크TOP3Plus,8920,2,60,0.68,8916.0,5.791,133,1,58,0114X0.KS,EQUITY,OTHER,RISK,2026-09-28
0229F0,2,마이티 신약포커스바이오액티브,8200,2,195,2.44,8207.0,0.0,642,5,57,0229F0.KS,EQUITY,BIO_HEALTHCARE,RISK,2026-09-28
407300,2,HANARO Fn골프테마,10300,3,0,0.0,10279.0,-20.0112,0,0,57,407300.KS,EQUITY,OTHER,RISK,2026-09-28
401590,4,HANARO 글로벌탄소배출권선물ICE(합성),11105,2,85,0.77,11066.0,-10.2606,188,2,57,401590.KS,EQUITY,OTHER,RISK,2026-09-28
291890,4,KODEX MSCI EM선물(H),12560,5,-65,-0.51,12448.0,-0.1977,29,0,57,291890.KS,EQUITY,OTHER,RISK,2026-09-28
0087F0,4,ACE 차이나AI빅테크TOP2+액티브,11235,5,-155,-1.36,11230.0,-16.7398,165,1,56,0087F0.KS,EQUITY,AI_TECH,RISK,2026-09-28
470310,2,UNICORN 생성형AI강소기업액티브,18475,2,445,2.47,18476.0,5.0393,236,4,55,470310.KS,EQUITY,AI_TECH,RISK,2026-09-28
0184V0,2,UNICORN K바이오액티브,5255,2,55,1.06,5279.0,-26.6573,1501,7,55,0184V0.KS,EQUITY,BIO_HEALTHCARE,RISK,2026-09-28
432600,6,RISE 국채선물3년,55105,5,-105,-0.19,55091.0,0.3909,1,0,55,432600.KS,DEFENSIVE,BOND,HEDGE,2026-09-28
238670,7,PLUS 스마트베타Quality채권혼합,13535,2,5,0.04,13438.0,3.2036,7435,99,54,238670.KS,DEFENSIVE,BOND,HEDGE,2026-09-28
220130,4,SOL 차이나강소기업CSI500(합성 H),6750,5,-130,-1.89,6759.0,-7.9599,11,0,54,220130.KS,EQUITY,OTHER,RISK,2026-09-28
390400,4,KODEX 미국스마트모빌리티S&P,6710,5,-55,-0.81,6708.0,-21.0479,523,3,54,390400.KS,EQUITY,OTHER,RISK,2026-09-28
499150,4,SOL 미국S&P500엔화노출(H),10695,5,-105,-0.97,10798.0,-5.5846,353,3,53,499150.KS,EQUITY,OTHER,RISK,2026-09-28
219900,4,ACE 중국본토CSI300레버리지(합성),3800,5,-125,-3.18,3803.0,-34.5834,163,0,53,219900.KS,EXCLUDED,OTHER,HEDGE,2026-09-28
291630,3,KIWOOM 코스닥150선물레버리지,3655,2,120,3.39,3671.0,-30.6183,35544,128,53,291630.KS,EXCLUDED,BROAD_MARKET,HEDGE,2026-09-28
0174J0,7,DAISHIN 오피스리츠플러스,8770,5,-45,-0.51,8771.0,2.9701,8414,73,53,0174J0.KS,EQUITY,AI_TECH,RISK,2026-09-28
0102X0,4,ACE 유럽방산TOP10,8725,5,-100,-1.13,8726.0,-10.1661,593,5,52,0102X0.KS,EQUITY,OTHER,RISK,2026-09-28
483030,4,KIWOOM 미국블록버스터바이오테크의약품+,11625,2,80,0.69,11614.0,-2.4234,371,4,52,483030.KS,EQUITY,BIO_HEALTHCARE,RISK,2026-09-28
0015E0,7,KIWOOM 엔비디아미국30년국채혼합액티브(H),10360,5,-175,-1.66,10379.0,-0.9835,468,4,52,0015E0.KS,DEFENSIVE,BOND,HEDGE,2026-09-28
476310,4,RISE 글로벌비만산업TOP2+,9280,2,75,0.81,9334.0,-12.1992,120,1,51,476310.KS,EQUITY,OTHER,RISK,2026-09-28
295000,6,RISE 국채선물10년,50730,5,-565,-1.1,50762.0,-0.62,2,0,51,295000.KS,DEFENSIVE,BOND,HEDGE,2026-09-28
413220,4,SOL 차이나태양광CSI(합성),4215,5,-115,-2.66,4286.0,-28.5479,5641,23,51,413220.KS,EQUITY,OTHER,RISK,2026-09-28
0132D0,7,KoAct 글로벌K컬처밸류체인액티브,9155,2,125,1.38,9165.0,1.1198,131,1,50,0132D0.KS,EQUITY,OTHER,RISK,2026-09-28
411860,4,KIWOOM 독일DAX,16200,5,-85,-0.52,16074.0,-9.0124,184,2,49,411860.KS,EQUITY,OTHER,RISK,2026-09-28
0154H0,4,KoAct 차이나바이오헬스케어액티브,8835,5,-205,-2.27,8859.0,18.0156,2229,19,49,0154H0.KS,EQUITY,BIO_HEALTHCARE,RISK,2026-09-28
0015K0,4,TIGER 미국소비트렌드액티브,6895,2,15,0.22,6873.0,-7.5269,7,0,48,0015K0.KS,EQUITY,OTHER,RISK,2026-09-28
227560,2,TIGER 200 생활소비재,12495,2,50,0.4,12502.0,4.3977,21,0,47,227560.KS,EQUITY,BROAD_MARKET,RISK,2026-09-28
0073X0,5,FOCUS 알리바바미국채커버드콜혼합,8570,5,-235,-2.67,8545.0,-11.8292,164,1,47,0073X0.KS,DEFENSIVE,BOND,HEDGE,2026-09-28
490330,4,KoAct 미국치매&뇌질환치료제액티브,13385,5,-355,-2.58,13285.0,-11.2404,5812,77,47,490330.KS,EQUITY,OTHER,RISK,2026-09-28
267440,6,RISE 미국장기국채선물(H),7760,5,-240,-3.0,7761.0,-2.2005,251,1,47,267440.KS,DEFENSIVE,BOND,HEDGE,2026-09-28
498610,4,RISE 인도디지털성장,7630,5,-160,-2.05,7619.0,-8.6238,282,2,46,498610.KS,EQUITY,OTHER,RISK,2026-09-28
474390,6,SOL 국고채30년액티브,40000,5,-765,-1.88,39794.0,-2.9174,17,0,46,474390.KS,DEFENSIVE,BOND,HEDGE,2026-09-28
266550,2,PLUS 중형주저변동50,18220,2,70,0.39,18238.0,0.8613,6,0,46,266550.KS,EQUITY,OTHER,RISK,2026-09-28
0128D0,4,PLUS 차이나항셍테크위클리타겟커버드콜,6430,5,-70,-1.08,6407.0,-11.9389,834,5,45,0128D0.KS,EQUITY,OTHER,RISK,2026-09-28
252420,3,RISE 200선물인버스2X,74,2,2,2.78,74.0,-7.6924,1212235,89,45,252420.KS,EXCLUDED,BROAD_MARKET,HEDGE,2026-09-28
0078V0,4,PLUS 미국로보택시,8925,5,-175,-1.92,8906.0,-12.9187,152,1,45,0078V0.KS,EQUITY,OTHER,RISK,2026-09-28
391600,4,ACE 미국친환경그린테마,9845,5,-285,-2.81,9866.0,-21.198,204,2,44,391600.KS,EQUITY,OTHER,RISK,2026-09-28
205720,4,ACE 일본TOPIX인버스(합성 H),1442,3,0,0.0,1434.0,-3.2215,6,0,43,205720.KS,EXCLUDED,OTHER,HEDGE,2026-09-28
277650,2,TIGER 코스피중형주,21210,2,275,1.31,21221.0,-1.3664,10,0,42,277650.KS,EQUITY,BROAD_MARKET,RISK,2026-09-28
373790,4,KIWOOM 미국방어배당성장나스닥,14760,5,-20,-0.14,14692.0,-10.5315,68,1,41,373790.KS,EQUITY,DIVIDEND,RISK,2026-09-28
0050E0,4,PLUS 미국AI에이전트,8190,2,10,0.12,8197.0,4.939,196,1,41,0050E0.KS,EQUITY,AI_TECH,RISK,2026-09-28
226380,2,ACE Fn성장소비주도주,5725,2,90,1.6,5735.0,4.0627,130,0,40,226380.KS,EQUITY,OTHER,RISK,2026-09-28
243890,2,TIGER 200에너지화학레버리지,8835,2,455,5.43,8882.0,-8.6649,15740,139,40,243890.KS,EXCLUDED,ENERGY,HEDGE,2026-09-28
334690,5,RISE 팔라듐선물(H),5645,5,-195,-3.34,5639.0,3.8222,2868,16,40,334690.KS,EQUITY,OTHER,RISK,2026-09-28
291680,4,RISE 차이나H선물인버스(H),7840,3,0,0.0,8041.0,-7.7648,0,0,39,291680.KS,EXCLUDED,OTHER,HEDGE,2026-09-28
0131A0,4,SOL 차이나소비트렌드,7060,5,-105,-1.47,7085.0,-15.3074,437,3,39,0131A0.KS,EQUITY,OTHER,RISK,2026-09-28
225030,4,TIGER 미국S&P500선물인버스(H),2255,2,15,0.67,2246.0,-4.2736,563,1,37,225030.KS,EXCLUDED,OTHER,HEDGE,2026-09-28
244660,2,KODEX 퀄리티Plus,9185,3,0,0.0,9289.0,5.2691,0,0,37,244660.KS,EQUITY,OTHER,RISK,2026-09-28
427120,2,RISE AI플랫폼,5220,2,65,1.26,5242.0,5.0968,346,1,35,427120.KS,EQUITY,AI_TECH,RISK,2026-09-28
267490,6,RISE 미국장기국채선물레버리지(합성 H),4625,5,-305,-6.19,4616.0,-6.3628,7707,35,32,267490.KS,EXCLUDED,BOND,HEDGE,2026-09-28
0079X0,4,ACE BYD밸류체인액티브,9160,5,-175,-1.87,9131.0,-17.5354,102,0,32,0079X0.KS,EQUITY,OTHER,RISK,2026-09-28
306530,3,HANARO 코스닥150선물레버리지,7285,2,250,3.55,7308.0,-30.9956,7947,56,32,306530.KS,EXCLUDED,BROAD_MARKET,HEDGE,2026-09-28
321410,7,KODEX 멀티에셋하이인컴(H),10395,5,-165,-1.56,10487.0,0.759,8,0,31,321410.KS,EQUITY,OTHER,RISK,2026-09-28
476000,2,UNICORN 포스트IPO액티브,5145,2,40,0.78,5193.0,-21.9419,64,0,28,476000.KS,EQUITY,OTHER,RISK,2026-09-28
491630,4,RISE 미국반도체인버스(합성 H),4860,3,0,0.0,4847.0,2.9661,938,4,28,491630.KS,EXCLUDED,SEMICONDUCTOR,HEDGE,2026-09-28
280940,5,KODEX 골드선물인버스(H),3485,2,15,0.43,3547.0,-5.8345,5307,18,28,280940.KS,EXCLUDED,GOLD,HEDGE,2026-09-28
145670,3,ACE 인버스,1252,2,21,1.71,1250.0,4.8551,17305,21,28,145670.KS,EXCLUDED,OTHER,HEDGE,2026-09-28
252410,3,RISE 200선물인버스,1273,2,19,1.52,1273.0,4.2394,10085,12,27,252410.KS,EXCLUDED,BROAD_MARKET,HEDGE,2026-09-28
253230,3,KIWOOM 200선물인버스2X,71,2,3,4.41,71.0,-5.5556,809836,56,24,253230.KS,EXCLUDED,BROAD_MARKET,HEDGE,2026-09-28
275750,3,RISE 코스닥150선물인버스,2385,5,-40,-1.65,2382.0,1.4644,753,1,23,275750.KS,EXCLUDED,BROAD_MARKET,HEDGE,2026-09-28
280320,4,ACE 미국IT인터넷(합성 H),21740,3,0,0.0,21821.0,10.3833,0,0,22,280320.KS,EQUITY,OTHER,RISK,2026-09-28
334700,5,RISE 팔라듐선물인버스(H),3335,3,0,0.0,3457.0,-8.6302,0,0,22,334700.KS,EXCLUDED,OTHER,HEDGE,2026-09-28
291620,3,KIWOOM 코스닥150선물인버스,4190,5,-85,-1.99,4178.0,1.7857,11224,47,20,291620.KS,EXCLUDED,BROAD_MARKET,HEDGE,2026-09-28
253240,3,KIWOOM 200선물인버스,1267,2,17,1.36,1271.0,3.9933,242,0,15,253240.KS,EXCLUDED,BROAD_MARKET,HEDGE,2026-09-28
306520,3,HANARO 200선물인버스,2305,2,30,1.32,2307.0,5.324,1602,3,14,306520.KS,EXCLUDED,BROAD_MARKET,HEDGE,2026-09-28
253160,3,PLUS 200선물인버스2X,144,2,4,2.86,143.0,-6.6667,217574,30,13,253160.KS,EXCLUDED,BROAD_MARKET,HEDGE,2026-09-28
261920,4,ACE MSCI필리핀(합성),11635,2,120,1.04,11621.0,-17.2773,67,0,12,261920.KS,EQUITY,OTHER,RISK,2026-09-28
412560,2,TIGER BBIG레버리지,1595,2,78,5.14,1596.0,-14.6315,17851,27,10,412560.KS,EXCLUDED,OTHER,HEDGE,2026-09-28
465620,4,ACE 미국빅테크TOP7 Plus인버스(합성),6460,2,70,1.1,6420.0,-1.3128,103,0,6,465620.KS,EXCLUDED,AI_TECH,HEDGE,2026-09-28
